-- phpMyAdmin SQL Dump
-- version 5.0.2
-- https://www.phpmyadmin.net/
--
-- Host: 127.0.0.1
-- Generation Time: Nov 28, 2022 at 07:44 AM
-- Server version: 10.4.11-MariaDB
-- PHP Version: 7.4.6

SET SQL_MODE = "NO_AUTO_VALUE_ON_ZERO";
START TRANSACTION;
SET time_zone = "+00:00";


/*!40101 SET @OLD_CHARACTER_SET_CLIENT=@@CHARACTER_SET_CLIENT */;
/*!40101 SET @OLD_CHARACTER_SET_RESULTS=@@CHARACTER_SET_RESULTS */;
/*!40101 SET @OLD_COLLATION_CONNECTION=@@COLLATION_CONNECTION */;
/*!40101 SET NAMES utf8mb4 */;

--
-- Database: `newler`
--

-- --------------------------------------------------------

--
-- Table structure for table `customers`
--

CREATE TABLE `customers` (
  `customerNumber` int(11) NOT NULL,
  `customerName` varchar(50) NOT NULL,
  `Phone` varchar(50) NOT NULL,
  `city` varchar(50) NOT NULL
) ENGINE=InnoDB DEFAULT CHARSET=utf8mb4;

--
-- Dumping data for table `customers`
--

INSERT INTO `customers` (`customerNumber`, `customerName`, `Phone`, `city`) VALUES
(103, 'Atelier graphique', '', 'Nantes'),
(112, 'Signal Gift Stores', '', 'Las Vegas'),
(114, 'Australian Collectors, Co.', '', 'Melbourne'),
(119, 'La Rochelle Gifts', '', 'Nantes'),
(121, 'Baane Mini Imports', '', 'Stavern'),
(124, 'Mini Gifts Distributors Ltd.', '', 'San Rafael'),
(125, 'Havel & Zbyszek Co', '', 'Warszawa'),
(128, 'Blauer See Auto, Co.', '', 'Frankfurt'),
(129, 'Mini Wheels Co.', '', 'San Francisco'),
(131, 'Land of Toys Inc.', '', 'NYC'),
(141, 'Euro+ Shopping Channel', '', 'Madrid'),
(144, 'Volvo Model Replicas, Co', '', 'Luleå'),
(145, 'Danish Wholesale Imports', '', 'Kobenhavn'),
(146, 'Saveley & Henriot, Co.', '', 'Lyon'),
(148, 'Dragon Souveniers, Ltd.', '', 'Singapore'),
(151, 'Muscle Machine Inc', '', 'NYC'),
(157, 'Diecast Classics Inc.', '', 'Allentown'),
(161, 'Technics Stores Inc.', '', 'Burlingame'),
(166, 'Handji Gifts& Co', '', 'Singapore'),
(167, 'Herkku Gifts', '', 'Bergen'),
(168, 'American Souvenirs Inc', '', 'New Haven'),
(169, 'Porto Imports Co.', '', 'Lisboa'),
(171, 'Daedalus Designs Imports', '', 'Lille'),
(172, 'La Corne D\'abondance, Co.', '', 'Paris'),
(173, 'Cambridge Collectables Co.', '', 'Cambridge'),
(175, 'Gift Depot Inc.', '', 'Bridgewater'),
(177, 'Osaka Souveniers Co.', '', 'Kita-ku'),
(181, 'Vitachrome Inc.', '', 'NYC'),
(186, 'Toys of Finland, Co.', '', 'Helsinki'),
(187, 'AV Stores, Co.', '', 'Manchester'),
(189, 'Clover Collections, Co.', '', 'Dublin'),
(198, 'Auto-Moto Classics Inc.', '', 'Brickhaven'),
(201, 'UK Collectables, Ltd.', '', 'Liverpool'),
(202, 'Canadian Gift Exchange Network', '', 'Vancouver'),
(204, 'Online Mini Collectables', '', 'Brickhaven'),
(205, 'Toys4GrownUps.com', '', 'Pasadena'),
(206, 'Asian Shopping Network, Co', '', 'Singapore'),
(209, 'Mini Caravy', '', 'Strasbourg'),
(211, 'King Kong Collectables, Co.', '', 'Central Hong Kong'),
(216, 'Enaco Distributors', '', 'Barcelona'),
(219, 'Boards & Toys Co.', '', 'Glendale'),
(223, 'Natürlich Autos', '', 'Cunewalde'),
(227, 'Heintze Collectables', '', 'Århus'),
(233, 'Québec Home Shopping Network', '', 'Montréal'),
(237, 'ANG Resellers', '', 'Madrid'),
(239, 'Collectable Mini Designs Co.', '', 'San Diego'),
(240, 'giftsbymail.co.uk', '', 'Cowes'),
(242, 'Alpha Cognac', '', 'Toulouse'),
(247, 'Messner Shopping Network', '', 'Frankfurt'),
(249, 'Amica Models & Co.', '', 'Torino'),
(250, 'Lyon Souveniers', '', 'Paris'),
(256, 'Auto Associés & Cie.', '', 'Versailles'),
(259, 'Toms Spezialitäten, Ltd', '', 'Köln'),
(260, 'Royal Canadian Collectables, Ltd.', '', 'Tsawassen'),
(273, 'Franken Gifts, Co', '', 'München'),
(276, 'Anna\'s Decorations, Ltd', '', 'North Sydney'),
(278, 'Rovelli Gifts', '', 'Bergamo'),
(282, 'Souveniers And Things Co.', '', 'Chatswood'),
(286, 'Marta\'s Replicas Co.', '', 'Cambridge'),
(293, 'BG&E Collectables', '', 'Fribourg'),
(298, 'Vida Sport, Ltd', '', 'Genève'),
(299, 'Norway Gifts By Mail, Co.', '', 'Oslo'),
(303, 'Schuyler Imports', '', 'Amsterdam'),
(307, 'Der Hund Imports', '', 'Berlin'),
(311, 'Oulu Toy Supplies, Inc.', '', 'Oulu'),
(314, 'Petit Auto', '', 'Bruxelles'),
(319, 'Mini Classics', '', 'White Plains'),
(320, 'Mini Creations Ltd.', '', 'New Bedford'),
(321, 'Corporate Gift Ideas Co.', '', 'San Francisco'),
(323, 'Down Under Souveniers, Inc', '', 'Auckland  '),
(324, 'Stylish Desk Decors, Co.', '', 'London'),
(328, 'Tekni Collectables Inc.', '', 'Newark'),
(333, 'Australian Gift Network, Co', '', 'South Brisbane'),
(334, 'Suominen Souveniers', '', 'Espoo'),
(335, 'Cramer Spezialitäten, Ltd', '', 'Brandenburg'),
(339, 'Classic Gift Ideas, Inc', '', 'Philadelphia'),
(344, 'CAF Imports', '', 'Madrid'),
(347, 'Men \'R\' US Retailers, Ltd.', '', 'Los Angeles'),
(348, 'Asian Treasures, Inc.', '', 'Cork'),
(350, 'Marseille Mini Autos', '', 'Marseille'),
(353, 'Reims Collectables', '', 'Reims'),
(356, 'SAR Distributors, Co', '', 'Hatfield'),
(357, 'GiftsForHim.com', '', 'Auckland'),
(361, 'Kommission Auto', '', 'Münster'),
(362, 'Gifts4AllAges.com', '', 'Boston'),
(363, 'Online Diecast Creations Co.', '', 'Nashua'),
(369, 'Lisboa Souveniers, Inc', '', 'Lisboa'),
(376, 'Precious Collectables', '', 'Bern'),
(379, 'Collectables For Less Inc.', '', 'Brickhaven'),
(381, 'Royale Belge', '', 'Charleroi'),
(382, 'Salzburg Collectables', '', 'Salzburg'),
(385, 'Cruz & Sons Co.', '', 'Makati City'),
(386, 'L\'ordine Souveniers', '', 'Reggio Emilia'),
(398, 'Tokyo Collectables, Ltd', '', 'Minato-ku'),
(406, 'Auto Canal+ Petit', '', 'Paris'),
(409, 'Stuttgart Collectable Exchange', '', 'Stuttgart'),
(412, 'Extreme Desk Decorations, Ltd', '', 'Wellington'),
(415, 'Bavarian Collectables Imports, Co.', '', 'Munich'),
(424, 'Classic Legends Inc.', '', 'NYC'),
(443, 'Feuer Online Stores, Inc', '', 'Leipzig'),
(447, 'Gift Ideas Corp.', '', 'Glendale'),
(448, 'Scandinavian Gift Ideas', '', 'Bräcke'),
(450, 'The Sharp Gifts Warehouse', '', 'San Jose'),
(452, 'Mini Auto Werke', '', 'Graz'),
(455, 'Super Scale Inc.', '', 'New Haven'),
(456, 'Microscale Inc.', '', 'NYC'),
(458, 'Corrida Auto Replicas, Ltd', '', 'Madrid'),
(459, 'Warburg Exchange', '', 'Aachen'),
(462, 'FunGiftIdeas.com', '', 'New Bedford'),
(465, 'Anton Designs, Ltd.', '', 'Madrid'),
(471, 'Australian Collectables, Ltd', '', 'Glen Waverly'),
(473, 'Frau da Collezione', '', 'Milan'),
(475, 'West Coast Collectables Co.', '', 'Burbank'),
(477, 'Mit Vergnügen & Co.', '', 'Mannheim'),
(480, 'Kremlin Collectables, Co.', '', 'Saint Petersburg'),
(481, 'Raanan Stores, Inc', '', 'Herzlia'),
(484, 'Iberia Gift Imports, Corp.', '', 'Sevilla'),
(486, 'Motor Mint Distributors Inc.', '', 'Philadelphia'),
(487, 'Signal Collectibles Ltd.', '', 'Brisbane'),
(489, 'Double Decker Gift Stores, Ltd', '', 'London'),
(495, 'Diecast Collectables', '', 'Boston'),
(496, 'Kelly\'s Gift Shop', '', 'Auckland  ');

-- --------------------------------------------------------

--
-- Table structure for table `fact`
--

CREATE TABLE `fact` (
  `id` int(255) NOT NULL,
  `orderNumber` int(255) NOT NULL,
  `costumerNumber` int(255) NOT NULL
) ENGINE=InnoDB DEFAULT CHARSET=utf8mb4;

--
-- Dumping data for table `fact`
--

INSERT INTO `fact` (`id`, `orderNumber`, `costumerNumber`) VALUES
(1, 103, 0),
(2, 112, 0),
(3, 114, 0),
(4, 119, 0),
(5, 121, 0),
(6, 124, 0),
(7, 125, 0),
(8, 128, 0),
(9, 129, 0),
(10, 131, 0),
(11, 141, 0),
(12, 144, 0),
(13, 145, 0),
(14, 146, 0),
(15, 148, 0),
(16, 151, 0),
(17, 157, 0),
(18, 161, 0),
(19, 166, 0),
(20, 167, 0),
(21, 168, 0),
(22, 169, 0),
(23, 171, 0),
(24, 172, 0),
(25, 173, 0),
(26, 175, 0),
(27, 177, 0),
(28, 181, 0),
(29, 186, 0),
(30, 187, 0),
(31, 189, 0),
(32, 198, 0),
(33, 201, 0),
(34, 202, 0),
(35, 204, 0),
(36, 205, 0),
(37, 206, 0),
(38, 209, 0),
(39, 211, 0),
(40, 216, 0),
(41, 219, 0),
(42, 223, 0),
(43, 227, 0),
(44, 233, 0),
(45, 237, 0),
(46, 239, 0),
(47, 240, 0),
(48, 242, 0),
(49, 247, 0),
(50, 249, 0),
(51, 250, 0),
(52, 256, 0),
(53, 259, 0),
(54, 260, 0),
(55, 273, 0),
(56, 276, 0),
(57, 278, 0),
(58, 282, 0),
(59, 286, 0),
(60, 293, 0),
(61, 298, 0),
(62, 299, 0),
(63, 303, 0),
(64, 307, 0),
(65, 311, 0),
(66, 314, 0),
(67, 319, 0),
(68, 320, 0),
(69, 321, 0),
(70, 323, 0),
(71, 324, 0);

-- --------------------------------------------------------

--
-- Table structure for table `orderdetail`
--

CREATE TABLE `orderdetail` (
  `orderNumber` int(11) NOT NULL,
  `quantityOrdered` int(11) NOT NULL,
  `orderLineNumber` smallint(6) NOT NULL
) ENGINE=InnoDB DEFAULT CHARSET=utf8mb4;

--
-- Dumping data for table `orderdetail`
--

INSERT INTO `orderdetail` (`orderNumber`, `quantityOrdered`, `orderLineNumber`) VALUES
(1, 6, 2),
(2, 6, 3),
(3, 10, 1),
(4, 10, 11),
(5, 10, 3),
(6, 11, 6),
(7, 11, 8),
(8, 12, 13),
(9, 13, 7),
(10, 15, 3),
(11, 15, 7),
(12, 15, 1),
(13, 15, 4),
(14, 16, 2),
(15, 18, 2),
(16, 18, 2),
(17, 18, 13),
(18, 19, 7),
(19, 19, 10),
(20, 20, 2),
(21, 20, 14),
(22, 20, 5),
(23, 20, 5),
(24, 20, 2),
(25, 20, 6),
(26, 20, 2),
(27, 20, 15),
(28, 20, 1),
(29, 20, 15),
(30, 20, 3),
(31, 20, 14),
(32, 20, 11),
(33, 20, 9),
(34, 20, 1),
(35, 20, 2),
(36, 20, 3),
(37, 20, 1),
(38, 20, 10),
(39, 20, 4),
(40, 20, 4),
(41, 20, 12),
(42, 20, 11),
(43, 20, 2),
(44, 20, 3),
(45, 20, 1),
(46, 20, 10),
(47, 20, 7),
(48, 20, 2),
(49, 20, 3),
(50, 20, 9),
(51, 20, 3),
(52, 20, 10),
(53, 20, 1),
(54, 20, 11),
(55, 20, 2),
(56, 20, 2),
(57, 20, 12),
(58, 20, 3),
(59, 20, 7),
(60, 20, 1),
(61, 20, 1),
(62, 20, 1),
(63, 20, 2),
(64, 20, 11),
(65, 20, 2),
(66, 20, 5),
(67, 20, 13),
(68, 20, 7),
(69, 20, 2),
(70, 20, 6),
(71, 20, 13),
(72, 20, 4),
(73, 20, 8),
(74, 20, 4),
(75, 20, 1),
(76, 20, 6),
(77, 20, 13),
(78, 20, 3),
(79, 20, 3),
(80, 20, 2),
(81, 20, 2),
(82, 20, 15),
(83, 20, 9),
(84, 20, 1),
(85, 20, 2),
(86, 20, 2),
(87, 20, 2),
(88, 20, 4),
(89, 20, 11),
(90, 20, 4),
(91, 20, 12),
(92, 20, 6),
(93, 20, 14),
(94, 20, 10),
(95, 20, 3),
(96, 20, 14),
(97, 20, 3),
(98, 20, 3),
(99, 20, 2),
(100, 20, 4),
(101, 20, 1),
(102, 20, 3),
(103, 20, 12),
(104, 20, 11),
(105, 20, 7),
(106, 20, 8),
(107, 20, 3),
(108, 20, 2),
(109, 20, 6),
(110, 20, 5),
(111, 20, 2),
(112, 20, 8),
(113, 20, 5),
(114, 20, 3),
(115, 20, 8),
(116, 21, 1),
(117, 21, 10),
(118, 21, 10),
(119, 21, 3),
(120, 21, 11),
(121, 21, 11),
(122, 21, 7),
(123, 21, 1),
(124, 21, 2),
(125, 21, 3),
(126, 21, 6),
(127, 21, 5),
(128, 21, 5),
(129, 21, 6),
(130, 21, 9),
(131, 21, 4),
(132, 21, 3),
(133, 21, 12),
(134, 21, 1),
(135, 21, 5),
(136, 21, 6),
(137, 21, 2),
(138, 21, 11),
(139, 21, 10),
(140, 21, 2),
(141, 21, 6),
(142, 21, 5),
(143, 21, 10),
(144, 21, 10),
(145, 21, 3),
(146, 21, 12),
(147, 21, 8),
(148, 21, 6),
(149, 21, 7),
(150, 21, 5),
(151, 21, 15),
(152, 21, 8),
(153, 21, 12),
(154, 21, 3),
(155, 21, 7),
(156, 21, 4),
(157, 21, 8),
(158, 21, 5),
(159, 21, 13),
(160, 21, 8),
(161, 21, 4),
(162, 21, 6),
(163, 21, 13),
(164, 21, 9),
(165, 21, 5),
(166, 21, 7),
(167, 21, 6),
(168, 21, 2),
(169, 21, 4),
(170, 21, 1),
(171, 21, 1),
(172, 21, 7),
(173, 21, 3),
(174, 21, 5),
(175, 21, 14),
(176, 21, 7),
(177, 21, 2),
(178, 21, 6),
(179, 21, 8),
(180, 21, 4),
(181, 21, 14),
(182, 21, 1),
(183, 21, 8),
(184, 21, 7),
(185, 21, 7),
(186, 21, 2),
(187, 21, 1),
(188, 21, 1),
(189, 21, 7),
(190, 21, 4),
(191, 21, 4),
(192, 21, 12),
(193, 21, 6),
(194, 21, 3),
(195, 21, 2),
(196, 21, 11),
(197, 21, 13),
(198, 21, 13),
(199, 21, 4),
(200, 21, 12),
(201, 21, 7),
(202, 21, 18),
(203, 21, 2),
(204, 21, 3),
(205, 21, 11),
(206, 21, 11),
(207, 21, 7),
(208, 21, 2),
(209, 21, 15),
(210, 21, 2),
(211, 21, 3),
(212, 21, 8),
(213, 21, 4),
(214, 21, 8),
(215, 21, 2),
(216, 21, 5),
(217, 21, 6),
(218, 21, 12),
(219, 21, 12),
(220, 21, 9),
(221, 21, 14),
(222, 21, 13),
(223, 21, 5),
(224, 22, 3),
(225, 22, 4),
(226, 22, 10),
(227, 22, 3),
(228, 22, 5),
(229, 22, 13),
(230, 22, 5),
(231, 22, 12),
(232, 22, 4),
(233, 22, 4),
(234, 22, 2),
(235, 22, 11),
(236, 22, 1),
(237, 22, 8),
(238, 22, 12),
(239, 22, 2),
(240, 22, 8),
(241, 22, 2),
(242, 22, 4),
(243, 22, 12),
(244, 22, 1),
(245, 22, 6),
(246, 22, 8),
(247, 22, 16),
(248, 22, 7),
(249, 22, 5),
(250, 22, 6),
(251, 22, 1),
(252, 22, 1),
(253, 22, 1),
(254, 22, 6),
(255, 22, 4),
(256, 22, 2),
(257, 22, 1),
(258, 22, 3),
(259, 22, 11),
(260, 22, 6),
(261, 22, 3),
(262, 22, 6),
(263, 22, 11),
(264, 22, 7),
(265, 22, 8),
(266, 22, 4),
(267, 22, 4),
(268, 22, 8),
(269, 22, 5),
(270, 22, 12),
(271, 22, 14),
(272, 22, 11),
(273, 22, 3),
(274, 22, 4),
(275, 22, 11),
(276, 22, 6),
(277, 22, 6),
(278, 22, 8),
(279, 22, 5),
(280, 22, 4),
(281, 22, 1),
(282, 22, 3),
(283, 22, 2),
(284, 22, 6),
(285, 22, 6),
(286, 22, 7),
(287, 22, 10),
(288, 22, 10),
(289, 22, 5),
(290, 22, 1),
(291, 22, 5),
(292, 22, 7),
(293, 22, 1),
(294, 22, 14),
(295, 22, 7),
(296, 22, 7),
(297, 22, 5),
(298, 22, 1),
(299, 22, 1),
(300, 22, 15),
(301, 22, 2),
(302, 22, 9),
(303, 22, 4),
(304, 22, 3),
(305, 22, 3),
(306, 22, 3),
(307, 22, 8),
(308, 22, 17),
(309, 22, 3),
(310, 22, 7),
(311, 22, 16),
(312, 22, 4),
(313, 22, 12),
(314, 22, 10),
(315, 22, 10),
(316, 22, 6),
(317, 22, 5),
(318, 22, 10),
(319, 22, 8),
(320, 22, 7),
(321, 22, 1),
(322, 23, 4),
(323, 23, 13),
(324, 23, 13),
(325, 23, 12),
(326, 23, 6),
(327, 23, 9),
(328, 23, 9),
(329, 23, 16),
(330, 23, 9),
(331, 23, 5),
(332, 23, 3),
(333, 23, 9),
(334, 23, 4),
(335, 23, 7),
(336, 23, 13),
(337, 23, 8),
(338, 23, 2),
(339, 23, 12),
(340, 23, 1),
(341, 23, 12),
(342, 23, 3),
(343, 23, 3),
(344, 23, 2),
(345, 23, 9),
(346, 23, 6),
(347, 23, 7),
(348, 23, 7),
(349, 23, 14),
(350, 23, 9),
(351, 23, 3),
(352, 23, 2),
(353, 23, 10),
(354, 23, 8),
(355, 23, 13),
(356, 23, 9),
(357, 23, 5),
(358, 23, 2),
(359, 23, 3),
(360, 23, 2),
(361, 23, 6),
(362, 23, 10),
(363, 23, 5),
(364, 23, 2),
(365, 23, 8),
(366, 23, 7),
(367, 23, 9),
(368, 23, 11),
(369, 23, 13),
(370, 23, 13),
(371, 23, 5),
(372, 23, 9),
(373, 23, 12),
(374, 23, 8),
(375, 23, 2),
(376, 23, 2),
(377, 23, 9),
(378, 23, 7),
(379, 23, 16),
(380, 23, 4),
(381, 23, 2),
(382, 23, 9),
(383, 23, 3),
(384, 23, 5),
(385, 23, 1),
(386, 23, 3),
(387, 23, 5),
(388, 23, 10),
(389, 23, 1),
(390, 23, 3),
(391, 23, 9),
(392, 23, 8),
(393, 23, 9),
(394, 23, 2),
(395, 23, 7),
(396, 23, 8),
(397, 23, 16),
(398, 23, 8),
(399, 24, 1),
(400, 24, 8),
(401, 24, 1),
(402, 24, 5),
(403, 24, 10),
(404, 24, 5),
(405, 24, 7),
(406, 24, 3),
(407, 24, 1),
(408, 24, 9),
(409, 24, 4),
(410, 24, 6),
(411, 24, 1),
(412, 24, 1),
(413, 24, 9),
(414, 24, 2),
(415, 24, 15),
(416, 24, 17),
(417, 24, 1),
(418, 24, 1),
(419, 24, 3),
(420, 24, 1),
(421, 24, 4),
(422, 24, 6),
(423, 24, 15),
(424, 24, 12),
(425, 24, 8),
(426, 24, 7),
(427, 24, 1),
(428, 24, 8),
(429, 24, 3),
(430, 24, 5),
(431, 24, 1),
(432, 24, 1),
(433, 24, 12),
(434, 24, 5),
(435, 24, 3),
(436, 24, 13),
(437, 24, 9),
(438, 24, 9),
(439, 24, 9),
(440, 24, 8),
(441, 24, 11),
(442, 24, 10),
(443, 24, 5),
(444, 24, 4),
(445, 24, 3),
(446, 24, 8),
(447, 24, 14),
(448, 24, 2),
(449, 24, 4),
(450, 24, 3),
(451, 24, 2),
(452, 24, 10),
(453, 24, 11),
(454, 24, 1),
(455, 24, 3),
(456, 24, 6),
(457, 24, 8),
(458, 24, 4),
(459, 24, 3),
(460, 24, 2),
(461, 24, 11),
(462, 24, 8),
(463, 24, 3),
(464, 24, 13),
(465, 24, 1),
(466, 24, 4),
(467, 24, 2),
(468, 24, 13),
(469, 24, 5),
(470, 24, 6),
(471, 24, 8),
(472, 24, 11),
(473, 24, 2),
(474, 24, 2),
(475, 24, 5),
(476, 24, 3),
(477, 24, 3),
(478, 24, 5),
(479, 24, 4),
(480, 24, 14),
(481, 24, 9),
(482, 24, 5),
(483, 24, 15),
(484, 24, 6),
(485, 24, 7),
(486, 24, 7),
(487, 24, 15),
(488, 24, 6),
(489, 24, 7),
(490, 24, 5),
(491, 24, 9),
(492, 25, 8),
(493, 25, 5),
(494, 25, 14),
(495, 25, 3),
(496, 25, 11),
(497, 25, 13),
(498, 25, 14),
(499, 25, 2),
(500, 25, 3),
(501, 25, 5),
(502, 25, 16),
(503, 25, 5),
(504, 25, 3),
(505, 25, 6),
(506, 25, 11),
(507, 25, 3),
(508, 25, 15),
(509, 25, 2),
(510, 25, 10),
(511, 25, 9),
(512, 25, 2),
(513, 25, 5),
(514, 25, 3),
(515, 25, 12),
(516, 25, 1),
(517, 25, 8),
(518, 25, 6),
(519, 25, 5),
(520, 25, 4),
(521, 25, 9),
(522, 25, 15),
(523, 25, 2),
(524, 25, 2),
(525, 25, 4),
(526, 25, 2),
(527, 25, 16),
(528, 25, 1),
(529, 25, 7),
(530, 25, 7),
(531, 25, 8),
(532, 25, 10),
(533, 25, 3),
(534, 25, 6),
(535, 25, 5),
(536, 25, 9),
(537, 25, 3),
(538, 25, 13),
(539, 25, 6),
(540, 25, 2),
(541, 25, 4),
(542, 25, 11),
(543, 25, 2),
(544, 25, 13),
(545, 25, 9),
(546, 25, 1),
(547, 25, 9),
(548, 25, 3),
(549, 25, 3),
(550, 25, 9),
(551, 25, 7),
(552, 25, 7),
(553, 25, 10),
(554, 25, 9),
(555, 25, 9),
(556, 25, 5),
(557, 25, 6),
(558, 25, 14),
(559, 25, 1),
(560, 25, 1),
(561, 25, 4),
(562, 25, 9),
(563, 25, 7),
(564, 25, 1),
(565, 25, 13),
(566, 25, 5),
(567, 25, 1),
(568, 25, 15),
(569, 25, 8),
(570, 25, 3),
(571, 25, 6),
(572, 25, 5),
(573, 25, 5),
(574, 25, 2),
(575, 25, 4),
(576, 25, 1),
(577, 25, 11),
(578, 25, 13),
(579, 25, 16),
(580, 25, 5),
(581, 25, 12),
(582, 25, 9),
(583, 25, 7),
(584, 25, 2),
(585, 25, 14),
(586, 25, 7),
(587, 25, 3),
(588, 26, 12),
(589, 26, 6),
(590, 26, 2),
(591, 26, 8),
(592, 26, 4),
(593, 26, 2),
(594, 26, 8),
(595, 26, 1),
(596, 26, 1),
(597, 26, 3),
(598, 26, 2),
(599, 26, 1),
(600, 26, 7),
(601, 26, 7),
(602, 26, 3),
(603, 26, 4),
(604, 26, 4),
(605, 26, 9),
(606, 26, 7),
(607, 26, 11),
(608, 26, 12),
(609, 26, 8),
(610, 26, 1),
(611, 26, 1),
(612, 26, 9),
(613, 26, 6),
(614, 26, 7),
(615, 26, 6),
(616, 26, 10),
(617, 26, 4),
(618, 26, 7),
(619, 26, 10),
(620, 26, 15),
(621, 26, 4),
(622, 26, 9),
(623, 26, 1),
(624, 26, 7),
(625, 26, 7),
(626, 26, 5),
(627, 26, 5),
(628, 26, 5),
(629, 26, 4),
(630, 26, 2),
(631, 26, 9),
(632, 26, 4),
(633, 26, 11),
(634, 26, 14),
(635, 26, 4),
(636, 26, 9),
(637, 26, 6),
(638, 26, 1),
(639, 26, 7),
(640, 26, 4),
(641, 26, 9),
(642, 26, 1),
(643, 26, 2),
(644, 26, 1),
(645, 26, 3),
(646, 26, 2),
(647, 26, 3),
(648, 26, 1),
(649, 26, 2),
(650, 26, 5),
(651, 26, 2),
(652, 26, 13),
(653, 26, 12),
(654, 26, 1),
(655, 26, 16),
(656, 26, 3),
(657, 26, 8),
(658, 26, 10),
(659, 26, 4),
(660, 26, 3),
(661, 26, 2),
(662, 26, 17),
(663, 26, 6),
(664, 26, 4),
(665, 26, 1),
(666, 26, 3),
(667, 26, 7),
(668, 26, 12),
(669, 26, 5),
(670, 26, 10),
(671, 26, 4),
(672, 26, 12),
(673, 26, 14),
(674, 26, 12),
(675, 26, 10),
(676, 26, 8),
(677, 26, 8),
(678, 26, 6),
(679, 26, 10),
(680, 26, 3),
(681, 26, 1),
(682, 26, 5),
(683, 26, 12),
(684, 26, 4),
(685, 27, 8),
(686, 27, 4),
(687, 27, 4),
(688, 27, 6),
(689, 27, 8),
(690, 27, 4),
(691, 27, 11),
(692, 27, 9),
(693, 27, 6),
(694, 27, 11),
(695, 27, 3),
(696, 27, 16),
(697, 27, 6),
(698, 27, 13),
(699, 27, 1),
(700, 27, 11),
(701, 27, 2),
(702, 27, 12),
(703, 27, 13),
(704, 27, 16),
(705, 27, 1),
(706, 27, 4),
(707, 27, 14),
(708, 27, 5),
(709, 27, 2),
(710, 27, 9),
(711, 27, 2),
(712, 27, 8),
(713, 27, 8),
(714, 27, 13),
(715, 27, 9),
(716, 27, 13),
(717, 27, 7),
(718, 27, 14),
(719, 27, 10),
(720, 27, 1),
(721, 27, 10),
(722, 27, 1),
(723, 27, 2),
(724, 27, 4),
(725, 27, 10),
(726, 27, 4),
(727, 27, 6),
(728, 27, 1),
(729, 27, 4),
(730, 27, 6),
(731, 27, 9),
(732, 27, 10),
(733, 27, 8),
(734, 27, 1),
(735, 27, 11),
(736, 27, 18),
(737, 27, 2),
(738, 27, 6),
(739, 27, 8),
(740, 27, 6),
(741, 27, 7),
(742, 27, 5),
(743, 27, 9),
(744, 27, 1),
(745, 27, 11),
(746, 27, 8),
(747, 27, 3),
(748, 27, 6),
(749, 27, 2),
(750, 27, 9),
(751, 27, 9),
(752, 27, 4),
(753, 27, 8),
(754, 27, 3),
(755, 27, 1),
(756, 27, 2),
(757, 27, 13),
(758, 27, 6),
(759, 27, 1),
(760, 27, 3),
(761, 27, 7),
(762, 27, 3),
(763, 27, 3),
(764, 27, 8),
(765, 27, 8),
(766, 27, 1),
(767, 27, 10),
(768, 27, 7),
(769, 27, 14),
(770, 27, 7),
(771, 27, 10),
(772, 27, 10),
(773, 27, 5),
(774, 27, 5),
(775, 27, 4),
(776, 27, 12),
(777, 27, 12),
(778, 27, 1),
(779, 27, 5),
(780, 27, 9),
(781, 27, 8),
(782, 27, 4),
(783, 27, 8),
(784, 27, 5),
(785, 27, 2),
(786, 27, 8),
(787, 27, 1),
(788, 27, 5),
(789, 28, 1),
(790, 28, 15),
(791, 28, 4),
(792, 28, 6),
(793, 28, 8),
(794, 28, 3),
(795, 28, 3),
(796, 28, 8),
(797, 28, 2),
(798, 28, 2),
(799, 28, 4),
(800, 28, 4),
(801, 28, 2),
(802, 28, 9),
(803, 28, 1),
(804, 28, 3),
(805, 28, 6),
(806, 28, 6),
(807, 28, 12),
(808, 28, 1),
(809, 28, 12),
(810, 28, 2),
(811, 28, 6),
(812, 28, 6),
(813, 28, 6),
(814, 28, 13),
(815, 28, 10),
(816, 28, 1),
(817, 28, 5),
(818, 28, 7),
(819, 28, 5),
(820, 28, 7),
(821, 28, 4),
(822, 28, 2),
(823, 28, 9),
(824, 28, 9),
(825, 28, 6),
(826, 28, 12),
(827, 28, 1),
(828, 28, 7),
(829, 28, 3),
(830, 28, 14),
(831, 28, 1),
(832, 28, 3),
(833, 28, 2),
(834, 28, 7),
(835, 28, 14),
(836, 28, 1),
(837, 28, 6),
(838, 28, 3),
(839, 28, 18),
(840, 28, 12),
(841, 28, 5),
(842, 28, 7),
(843, 28, 12),
(844, 28, 13),
(845, 28, 4),
(846, 28, 11),
(847, 28, 3),
(848, 28, 12),
(849, 28, 11),
(850, 28, 4),
(851, 28, 7),
(852, 28, 9),
(853, 28, 2),
(854, 28, 14),
(855, 28, 10),
(856, 28, 4),
(857, 28, 1),
(858, 28, 3),
(859, 28, 8),
(860, 28, 7),
(861, 28, 1),
(862, 28, 6),
(863, 28, 6),
(864, 28, 9),
(865, 28, 5),
(866, 28, 3),
(867, 28, 4),
(868, 28, 4),
(869, 28, 1),
(870, 28, 3),
(871, 28, 3),
(872, 28, 2),
(873, 28, 10),
(874, 28, 8),
(875, 28, 3),
(876, 28, 9),
(877, 29, 14),
(878, 29, 9),
(879, 29, 3),
(880, 29, 7),
(881, 29, 14),
(882, 29, 5),
(883, 29, 5),
(884, 29, 2),
(885, 29, 18),
(886, 29, 8),
(887, 29, 11),
(888, 29, 4),
(889, 29, 6),
(890, 29, 10),
(891, 29, 13),
(892, 29, 6),
(893, 29, 2),
(894, 29, 11),
(895, 29, 3),
(896, 29, 10),
(897, 29, 7),
(898, 29, 5),
(899, 29, 4),
(900, 29, 9),
(901, 29, 2),
(902, 29, 9),
(903, 29, 4),
(904, 29, 11),
(905, 29, 2),
(906, 29, 5),
(907, 29, 8),
(908, 29, 5),
(909, 29, 13),
(910, 29, 8),
(911, 29, 8),
(912, 29, 2),
(913, 29, 1),
(914, 29, 2),
(915, 29, 1),
(916, 29, 14),
(917, 29, 16),
(918, 29, 4),
(919, 29, 3),
(920, 29, 12),
(921, 29, 8),
(922, 29, 6),
(923, 29, 9),
(924, 29, 11),
(925, 29, 6),
(926, 29, 3),
(927, 29, 9),
(928, 29, 5),
(929, 29, 1),
(930, 29, 7),
(931, 29, 5),
(932, 29, 4),
(933, 29, 3),
(934, 29, 9),
(935, 29, 2),
(936, 29, 6),
(937, 29, 2),
(938, 29, 1),
(939, 29, 8),
(940, 29, 3),
(941, 29, 1),
(942, 29, 9),
(943, 29, 7),
(944, 29, 11),
(945, 29, 12),
(946, 29, 7),
(947, 29, 9),
(948, 29, 5),
(949, 29, 7),
(950, 29, 1),
(951, 29, 8),
(952, 29, 11),
(953, 29, 3),
(954, 29, 1),
(955, 29, 4),
(956, 29, 10),
(957, 29, 5),
(958, 29, 6),
(959, 29, 4),
(960, 29, 15),
(961, 29, 10),
(962, 29, 8),
(963, 29, 6),
(964, 29, 1),
(965, 29, 8),
(966, 29, 10),
(967, 29, 1),
(968, 29, 7),
(969, 29, 16),
(970, 29, 5),
(971, 29, 6),
(972, 29, 12),
(973, 29, 7),
(974, 29, 7),
(975, 29, 12),
(976, 29, 10),
(977, 30, 3),
(978, 30, 3),
(979, 30, 1),
(980, 30, 4),
(981, 30, 16),
(982, 30, 5),
(983, 30, 3),
(984, 30, 12),
(985, 30, 2),
(986, 30, 3),
(987, 30, 3),
(988, 30, 1),
(989, 30, 7),
(990, 30, 4),
(991, 30, 5),
(992, 30, 7),
(993, 30, 14),
(994, 30, 11),
(995, 30, 1),
(996, 30, 3),
(997, 30, 11),
(998, 30, 10),
(999, 30, 4),
(1000, 30, 9),
(1001, 30, 17),
(1002, 30, 5),
(1003, 30, 17),
(1004, 30, 4),
(1005, 30, 9),
(1006, 30, 4),
(1007, 30, 7),
(1008, 30, 8),
(1009, 30, 6),
(1010, 30, 6),
(1011, 30, 13),
(1012, 30, 3),
(1013, 30, 6),
(1014, 30, 5),
(1015, 30, 9),
(1016, 30, 4),
(1017, 30, 4),
(1018, 30, 9),
(1019, 30, 15),
(1020, 30, 10),
(1021, 30, 7),
(1022, 30, 16),
(1023, 30, 6),
(1024, 30, 8),
(1025, 30, 8),
(1026, 30, 4),
(1027, 30, 10),
(1028, 30, 1),
(1029, 30, 5),
(1030, 30, 3),
(1031, 30, 10),
(1032, 30, 7),
(1033, 30, 6),
(1034, 30, 6),
(1035, 30, 6),
(1036, 30, 13),
(1037, 30, 5),
(1038, 30, 2),
(1039, 30, 5),
(1040, 30, 11),
(1041, 30, 8),
(1042, 30, 8),
(1043, 30, 7),
(1044, 30, 4),
(1045, 30, 3),
(1046, 30, 12),
(1047, 30, 1),
(1048, 30, 6),
(1049, 30, 1),
(1050, 30, 7),
(1051, 30, 9),
(1052, 30, 5),
(1053, 30, 4),
(1054, 30, 2),
(1055, 30, 4),
(1056, 30, 7),
(1057, 30, 3),
(1058, 30, 1),
(1059, 30, 9),
(1060, 31, 5),
(1061, 31, 4),
(1062, 31, 17),
(1063, 31, 2),
(1064, 31, 8),
(1065, 31, 1),
(1066, 31, 7),
(1067, 31, 8),
(1068, 31, 4),
(1069, 31, 15),
(1070, 31, 2),
(1071, 31, 10),
(1072, 31, 3),
(1073, 31, 10),
(1074, 31, 3),
(1075, 31, 3),
(1076, 31, 9),
(1077, 31, 5),
(1078, 31, 5),
(1079, 31, 14),
(1080, 31, 5),
(1081, 31, 4),
(1082, 31, 1),
(1083, 31, 3),
(1084, 31, 7),
(1085, 31, 7),
(1086, 31, 13),
(1087, 31, 15),
(1088, 31, 5),
(1089, 31, 5),
(1090, 31, 4),
(1091, 31, 1),
(1092, 31, 13),
(1093, 31, 15),
(1094, 31, 3),
(1095, 31, 5),
(1096, 31, 6),
(1097, 31, 6),
(1098, 31, 5),
(1099, 31, 16),
(1100, 31, 2),
(1101, 31, 1),
(1102, 31, 16),
(1103, 31, 7),
(1104, 31, 14),
(1105, 31, 1),
(1106, 31, 3),
(1107, 31, 5),
(1108, 31, 9),
(1109, 31, 13),
(1110, 31, 3),
(1111, 31, 10),
(1112, 31, 3),
(1113, 31, 2),
(1114, 31, 5),
(1115, 31, 2),
(1116, 31, 1),
(1117, 31, 17),
(1118, 31, 18),
(1119, 31, 7),
(1120, 31, 4),
(1121, 31, 2),
(1122, 31, 4),
(1123, 31, 16),
(1124, 31, 16),
(1125, 31, 8),
(1126, 31, 6),
(1127, 31, 12),
(1128, 31, 8),
(1129, 31, 4),
(1130, 31, 9),
(1131, 31, 12),
(1132, 31, 8),
(1133, 31, 9),
(1134, 31, 2),
(1135, 31, 5),
(1136, 31, 9),
(1137, 31, 8),
(1138, 31, 5),
(1139, 31, 9),
(1140, 31, 10),
(1141, 31, 11),
(1142, 31, 4),
(1143, 31, 11),
(1144, 31, 1),
(1145, 31, 4),
(1146, 31, 2),
(1147, 31, 3),
(1148, 31, 2),
(1149, 31, 17),
(1150, 31, 8),
(1151, 31, 7),
(1152, 31, 9),
(1153, 31, 17),
(1154, 31, 9),
(1155, 31, 10),
(1156, 31, 7),
(1157, 31, 6),
(1158, 31, 12),
(1159, 31, 5),
(1160, 31, 13),
(1161, 31, 13),
(1162, 31, 9),
(1163, 31, 1),
(1164, 31, 9),
(1165, 31, 1),
(1166, 31, 3),
(1167, 31, 10),
(1168, 32, 13),
(1169, 32, 8),
(1170, 32, 17),
(1171, 32, 6),
(1172, 32, 4),
(1173, 32, 3),
(1174, 32, 2),
(1175, 32, 10),
(1176, 32, 10),
(1177, 32, 14),
(1178, 32, 1),
(1179, 32, 12),
(1180, 32, 15),
(1181, 32, 4),
(1182, 32, 6),
(1183, 32, 1),
(1184, 32, 17),
(1185, 32, 6),
(1186, 32, 5),
(1187, 32, 2),
(1188, 32, 7),
(1189, 32, 5),
(1190, 32, 11),
(1191, 32, 5),
(1192, 32, 7),
(1193, 32, 1),
(1194, 32, 1),
(1195, 32, 1),
(1196, 32, 5),
(1197, 32, 2),
(1198, 32, 3),
(1199, 32, 1),
(1200, 32, 12),
(1201, 32, 1),
(1202, 32, 5),
(1203, 32, 4),
(1204, 32, 13),
(1205, 32, 4),
(1206, 32, 3),
(1207, 32, 1),
(1208, 32, 5),
(1209, 32, 4),
(1210, 32, 5),
(1211, 32, 2),
(1212, 32, 10),
(1213, 32, 2),
(1214, 32, 2),
(1215, 32, 7),
(1216, 32, 11),
(1217, 32, 3),
(1218, 32, 5),
(1219, 32, 1),
(1220, 32, 7),
(1221, 32, 7),
(1222, 32, 7),
(1223, 32, 4),
(1224, 32, 15),
(1225, 32, 6),
(1226, 32, 5),
(1227, 32, 9),
(1228, 32, 1),
(1229, 32, 13),
(1230, 32, 3),
(1231, 32, 9),
(1232, 32, 6),
(1233, 32, 2),
(1234, 32, 7),
(1235, 32, 8),
(1236, 32, 1),
(1237, 32, 7),
(1238, 32, 9),
(1239, 32, 1),
(1240, 32, 1),
(1241, 32, 8),
(1242, 32, 8),
(1243, 32, 2),
(1244, 32, 6),
(1245, 32, 10),
(1246, 32, 1),
(1247, 32, 9),
(1248, 32, 1),
(1249, 32, 7),
(1250, 32, 5),
(1251, 32, 6),
(1252, 32, 10),
(1253, 32, 2),
(1254, 32, 10),
(1255, 32, 4),
(1256, 32, 6),
(1257, 32, 1),
(1258, 32, 6),
(1259, 32, 3),
(1260, 32, 4),
(1261, 32, 12),
(1262, 32, 5),
(1263, 32, 14),
(1264, 33, 9),
(1265, 33, 11),
(1266, 33, 8),
(1267, 33, 9),
(1268, 33, 1),
(1269, 33, 6),
(1270, 33, 1),
(1271, 33, 13),
(1272, 33, 17),
(1273, 33, 10),
(1274, 33, 4),
(1275, 33, 4),
(1276, 33, 6),
(1277, 33, 10),
(1278, 33, 13),
(1279, 33, 2),
(1280, 33, 12),
(1281, 33, 12),
(1282, 33, 11),
(1283, 33, 8),
(1284, 33, 8),
(1285, 33, 10),
(1286, 33, 2),
(1287, 33, 1),
(1288, 33, 6),
(1289, 33, 5),
(1290, 33, 1),
(1291, 33, 7),
(1292, 33, 6),
(1293, 33, 3),
(1294, 33, 10),
(1295, 33, 12),
(1296, 33, 5),
(1297, 33, 2),
(1298, 33, 10),
(1299, 33, 16),
(1300, 33, 11),
(1301, 33, 3),
(1302, 33, 4),
(1303, 33, 2),
(1304, 33, 6),
(1305, 33, 2),
(1306, 33, 15),
(1307, 33, 7),
(1308, 33, 3),
(1309, 33, 1),
(1310, 33, 8),
(1311, 33, 3),
(1312, 33, 2),
(1313, 33, 12),
(1314, 33, 1),
(1315, 33, 8),
(1316, 33, 5),
(1317, 33, 5),
(1318, 33, 12),
(1319, 33, 9),
(1320, 33, 4),
(1321, 33, 11),
(1322, 33, 11),
(1323, 33, 13),
(1324, 33, 5),
(1325, 33, 2),
(1326, 33, 12),
(1327, 33, 5),
(1328, 33, 4),
(1329, 33, 11),
(1330, 33, 4),
(1331, 33, 14),
(1332, 33, 10),
(1333, 33, 1),
(1334, 33, 1),
(1335, 33, 4),
(1336, 33, 3),
(1337, 33, 1),
(1338, 33, 5),
(1339, 33, 4),
(1340, 33, 4),
(1341, 33, 3),
(1342, 33, 2),
(1343, 33, 14),
(1344, 33, 15),
(1345, 33, 6),
(1346, 33, 2),
(1347, 33, 14),
(1348, 33, 1),
(1349, 33, 8),
(1350, 33, 6),
(1351, 33, 15),
(1352, 33, 1),
(1353, 33, 6),
(1354, 33, 4),
(1355, 33, 4),
(1356, 33, 3),
(1357, 33, 9),
(1358, 33, 3),
(1359, 33, 14),
(1360, 33, 4),
(1361, 33, 2),
(1362, 33, 12),
(1363, 33, 10),
(1364, 33, 3),
(1365, 33, 9),
(1366, 33, 2),
(1367, 33, 6),
(1368, 34, 10),
(1369, 34, 5),
(1370, 34, 3),
(1371, 34, 1),
(1372, 34, 7),
(1373, 34, 11),
(1374, 34, 8),
(1375, 34, 12),
(1376, 34, 6),
(1377, 34, 3),
(1378, 34, 1),
(1379, 34, 7),
(1380, 34, 2),
(1381, 34, 2),
(1382, 34, 4),
(1383, 34, 9),
(1384, 34, 1),
(1385, 34, 5),
(1386, 34, 4),
(1387, 34, 11),
(1388, 34, 1),
(1389, 34, 1),
(1390, 34, 2),
(1391, 34, 6),
(1392, 34, 2),
(1393, 34, 5),
(1394, 34, 4),
(1395, 34, 12),
(1396, 34, 7),
(1397, 34, 2),
(1398, 34, 10),
(1399, 34, 3),
(1400, 34, 4),
(1401, 34, 7),
(1402, 34, 8),
(1403, 34, 12),
(1404, 34, 5),
(1405, 34, 15),
(1406, 34, 14),
(1407, 34, 1),
(1408, 34, 5),
(1409, 34, 3),
(1410, 34, 5),
(1411, 34, 1),
(1412, 34, 7),
(1413, 34, 7),
(1414, 34, 11),
(1415, 34, 6),
(1416, 34, 5),
(1417, 34, 7),
(1418, 34, 3),
(1419, 34, 2),
(1420, 34, 10),
(1421, 34, 12),
(1422, 34, 8),
(1423, 34, 3),
(1424, 34, 7),
(1425, 34, 7),
(1426, 34, 4),
(1427, 34, 5),
(1428, 34, 7),
(1429, 34, 9),
(1430, 34, 5),
(1431, 34, 4),
(1432, 34, 5),
(1433, 34, 1),
(1434, 34, 4),
(1435, 34, 10),
(1436, 34, 5),
(1437, 34, 14),
(1438, 34, 2),
(1439, 34, 8),
(1440, 34, 5),
(1441, 34, 9),
(1442, 34, 2),
(1443, 34, 7),
(1444, 34, 4),
(1445, 34, 4),
(1446, 34, 3),
(1447, 34, 15),
(1448, 34, 7),
(1449, 34, 14),
(1450, 34, 1),
(1451, 34, 6),
(1452, 34, 4),
(1453, 34, 15),
(1454, 34, 6),
(1455, 34, 13),
(1456, 34, 14),
(1457, 34, 11),
(1458, 34, 10),
(1459, 34, 4),
(1460, 34, 12),
(1461, 34, 1),
(1462, 34, 1),
(1463, 34, 3),
(1464, 34, 9),
(1465, 34, 2),
(1466, 34, 7),
(1467, 34, 1),
(1468, 34, 11),
(1469, 34, 2),
(1470, 34, 6),
(1471, 34, 10),
(1472, 34, 9),
(1473, 34, 5),
(1474, 34, 11),
(1475, 34, 11),
(1476, 34, 6),
(1477, 34, 2),
(1478, 34, 5),
(1479, 34, 14),
(1480, 34, 1),
(1481, 34, 2),
(1482, 34, 6),
(1483, 34, 15),
(1484, 34, 13),
(1485, 34, 1),
(1486, 34, 1),
(1487, 34, 17),
(1488, 34, 4),
(1489, 35, 6),
(1490, 35, 9),
(1491, 35, 6),
(1492, 35, 7),
(1493, 35, 5),
(1494, 35, 11),
(1495, 35, 16),
(1496, 35, 8),
(1497, 35, 3),
(1498, 35, 6),
(1499, 35, 11),
(1500, 35, 1),
(1501, 35, 9),
(1502, 35, 7),
(1503, 35, 10),
(1504, 35, 10),
(1505, 35, 1),
(1506, 35, 6),
(1507, 35, 13),
(1508, 35, 3),
(1509, 35, 7),
(1510, 35, 13),
(1511, 35, 3),
(1512, 35, 8),
(1513, 35, 11),
(1514, 35, 3),
(1515, 35, 2),
(1516, 35, 4),
(1517, 35, 9),
(1518, 35, 2),
(1519, 35, 11),
(1520, 35, 4),
(1521, 35, 3),
(1522, 35, 1),
(1523, 35, 9),
(1524, 35, 6),
(1525, 35, 1),
(1526, 35, 8),
(1527, 35, 2),
(1528, 35, 8),
(1529, 35, 9),
(1530, 35, 15),
(1531, 35, 5),
(1532, 35, 7),
(1533, 35, 15),
(1534, 35, 2),
(1535, 35, 1),
(1536, 35, 3),
(1537, 35, 1),
(1538, 35, 8),
(1539, 35, 14),
(1540, 35, 3),
(1541, 35, 10),
(1542, 35, 1),
(1543, 35, 5),
(1544, 35, 17),
(1545, 35, 14),
(1546, 35, 2),
(1547, 35, 1),
(1548, 35, 9),
(1549, 35, 4),
(1550, 35, 9),
(1551, 35, 7),
(1552, 35, 3),
(1553, 35, 11),
(1554, 35, 15),
(1555, 35, 2),
(1556, 35, 11),
(1557, 35, 6),
(1558, 35, 14),
(1559, 35, 1),
(1560, 35, 4),
(1561, 35, 6),
(1562, 35, 4),
(1563, 35, 7),
(1564, 35, 1),
(1565, 35, 11),
(1566, 36, 11),
(1567, 36, 3),
(1568, 36, 3),
(1569, 36, 13),
(1570, 36, 10),
(1571, 36, 4),
(1572, 36, 2),
(1573, 36, 18),
(1574, 36, 6),
(1575, 36, 2),
(1576, 36, 1),
(1577, 36, 1),
(1578, 36, 2),
(1579, 36, 4),
(1580, 36, 5),
(1581, 36, 6),
(1582, 36, 4),
(1583, 36, 7),
(1584, 36, 12),
(1585, 36, 2),
(1586, 36, 14),
(1587, 36, 7),
(1588, 36, 6),
(1589, 36, 8),
(1590, 36, 7),
(1591, 36, 7),
(1592, 36, 1),
(1593, 36, 4),
(1594, 36, 3),
(1595, 36, 2),
(1596, 36, 8),
(1597, 36, 1),
(1598, 36, 1),
(1599, 36, 5),
(1600, 36, 6),
(1601, 36, 9),
(1602, 36, 2),
(1603, 36, 6),
(1604, 36, 2),
(1605, 36, 1),
(1606, 36, 3),
(1607, 36, 12),
(1608, 36, 3),
(1609, 36, 9),
(1610, 36, 2),
(1611, 36, 6),
(1612, 36, 3),
(1613, 36, 13),
(1614, 36, 6),
(1615, 36, 5),
(1616, 36, 10),
(1617, 36, 5),
(1618, 36, 1),
(1619, 36, 4),
(1620, 36, 2),
(1621, 36, 7),
(1622, 36, 13),
(1623, 36, 7),
(1624, 36, 17),
(1625, 36, 1),
(1626, 36, 1),
(1627, 36, 3),
(1628, 36, 2),
(1629, 36, 9),
(1630, 36, 7),
(1631, 36, 2),
(1632, 36, 8),
(1633, 36, 11),
(1634, 36, 3),
(1635, 36, 8),
(1636, 36, 1),
(1637, 36, 1),
(1638, 36, 3),
(1639, 36, 11),
(1640, 36, 7),
(1641, 36, 8),
(1642, 36, 4),
(1643, 36, 12),
(1644, 36, 6),
(1645, 36, 3),
(1646, 36, 6),
(1647, 36, 10),
(1648, 36, 7),
(1649, 36, 3),
(1650, 36, 8),
(1651, 36, 7),
(1652, 36, 4),
(1653, 36, 3),
(1654, 36, 6),
(1655, 36, 3),
(1656, 36, 4),
(1657, 36, 2),
(1658, 36, 14),
(1659, 37, 12),
(1660, 37, 4),
(1661, 37, 4),
(1662, 37, 1),
(1663, 37, 5),
(1664, 37, 12),
(1665, 37, 4),
(1666, 37, 2),
(1667, 37, 7),
(1668, 37, 1),
(1669, 37, 1),
(1670, 37, 2),
(1671, 37, 8),
(1672, 37, 6),
(1673, 37, 1),
(1674, 37, 6),
(1675, 37, 10),
(1676, 37, 9),
(1677, 37, 3),
(1678, 37, 5),
(1679, 37, 7),
(1680, 37, 1),
(1681, 37, 14),
(1682, 37, 5),
(1683, 37, 3),
(1684, 37, 9),
(1685, 37, 3),
(1686, 37, 4),
(1687, 37, 6),
(1688, 37, 10),
(1689, 37, 9),
(1690, 37, 14),
(1691, 37, 8),
(1692, 37, 3),
(1693, 37, 4),
(1694, 37, 14),
(1695, 37, 2),
(1696, 37, 5),
(1697, 37, 7),
(1698, 37, 10),
(1699, 37, 12),
(1700, 37, 5),
(1701, 37, 3),
(1702, 37, 17),
(1703, 37, 2),
(1704, 37, 13),
(1705, 37, 2),
(1706, 37, 14),
(1707, 37, 11),
(1708, 37, 8),
(1709, 37, 10),
(1710, 37, 13),
(1711, 37, 8),
(1712, 37, 7),
(1713, 37, 12),
(1714, 37, 9),
(1715, 37, 12),
(1716, 37, 7),
(1717, 37, 2),
(1718, 37, 1),
(1719, 37, 7),
(1720, 37, 8),
(1721, 37, 2),
(1722, 37, 4),
(1723, 37, 3),
(1724, 37, 9),
(1725, 37, 8),
(1726, 37, 8),
(1727, 37, 13),
(1728, 37, 11),
(1729, 37, 16),
(1730, 37, 3),
(1731, 37, 5),
(1732, 37, 6),
(1733, 37, 13),
(1734, 37, 12),
(1735, 37, 1),
(1736, 37, 1),
(1737, 37, 10),
(1738, 37, 4),
(1739, 37, 12),
(1740, 37, 4),
(1741, 37, 7),
(1742, 37, 6),
(1743, 37, 3),
(1744, 37, 11),
(1745, 37, 5),
(1746, 38, 9),
(1747, 38, 3),
(1748, 38, 10),
(1749, 38, 3),
(1750, 38, 6),
(1751, 38, 8),
(1752, 38, 5),
(1753, 38, 1),
(1754, 38, 3),
(1755, 38, 12),
(1756, 38, 13),
(1757, 38, 3),
(1758, 38, 7),
(1759, 38, 5),
(1760, 38, 11),
(1761, 38, 3),
(1762, 38, 4),
(1763, 38, 7),
(1764, 38, 6),
(1765, 38, 10),
(1766, 38, 8),
(1767, 38, 12),
(1768, 38, 6),
(1769, 38, 15),
(1770, 38, 5),
(1771, 38, 7),
(1772, 38, 1),
(1773, 38, 3),
(1774, 38, 6),
(1775, 38, 5),
(1776, 38, 10),
(1777, 38, 2),
(1778, 38, 12),
(1779, 38, 9),
(1780, 38, 13),
(1781, 38, 6),
(1782, 38, 11),
(1783, 38, 4),
(1784, 38, 8),
(1785, 38, 3),
(1786, 38, 11),
(1787, 38, 6),
(1788, 38, 16),
(1789, 38, 5),
(1790, 38, 16),
(1791, 38, 4),
(1792, 38, 6),
(1793, 38, 13),
(1794, 38, 5),
(1795, 38, 3),
(1796, 38, 12),
(1797, 38, 13),
(1798, 38, 1),
(1799, 38, 13),
(1800, 38, 11),
(1801, 38, 12),
(1802, 38, 6),
(1803, 38, 11),
(1804, 38, 10),
(1805, 38, 7),
(1806, 38, 3),
(1807, 38, 1),
(1808, 38, 9),
(1809, 38, 13),
(1810, 38, 3),
(1811, 38, 5),
(1812, 38, 2),
(1813, 38, 3),
(1814, 38, 11),
(1815, 38, 4),
(1816, 38, 7),
(1817, 38, 4),
(1818, 38, 6),
(1819, 38, 4),
(1820, 38, 4),
(1821, 38, 8),
(1822, 38, 10),
(1823, 38, 4),
(1824, 38, 7),
(1825, 38, 2),
(1826, 38, 4),
(1827, 38, 3),
(1828, 38, 10),
(1829, 38, 1),
(1830, 38, 1),
(1831, 38, 3),
(1832, 38, 10),
(1833, 38, 16),
(1834, 38, 7),
(1835, 38, 11),
(1836, 38, 4),
(1837, 38, 8),
(1838, 38, 5),
(1839, 38, 4),
(1840, 38, 2),
(1841, 39, 1),
(1842, 39, 10),
(1843, 39, 9),
(1844, 39, 6),
(1845, 39, 3),
(1846, 39, 2),
(1847, 39, 8),
(1848, 39, 1),
(1849, 39, 4),
(1850, 39, 1),
(1851, 39, 16),
(1852, 39, 9),
(1853, 39, 11),
(1854, 39, 6),
(1855, 39, 15),
(1856, 39, 15),
(1857, 39, 1),
(1858, 39, 7),
(1859, 39, 1),
(1860, 39, 9),
(1861, 39, 8),
(1862, 39, 11),
(1863, 39, 6),
(1864, 39, 3),
(1865, 39, 5),
(1866, 39, 12),
(1867, 39, 1),
(1868, 39, 5),
(1869, 39, 16),
(1870, 39, 4),
(1871, 39, 9),
(1872, 39, 9),
(1873, 39, 3),
(1874, 39, 2),
(1875, 39, 2),
(1876, 39, 3),
(1877, 39, 9),
(1878, 39, 6),
(1879, 39, 2),
(1880, 39, 2),
(1881, 39, 6),
(1882, 39, 3),
(1883, 39, 9),
(1884, 39, 3),
(1885, 39, 7),
(1886, 39, 2),
(1887, 39, 7),
(1888, 39, 7),
(1889, 39, 4),
(1890, 39, 13),
(1891, 39, 4),
(1892, 39, 13),
(1893, 39, 1),
(1894, 39, 2),
(1895, 39, 3),
(1896, 39, 14),
(1897, 39, 5),
(1898, 39, 8),
(1899, 39, 5),
(1900, 39, 3),
(1901, 39, 15),
(1902, 39, 1),
(1903, 39, 7),
(1904, 39, 3),
(1905, 39, 16),
(1906, 39, 1),
(1907, 39, 9),
(1908, 39, 3),
(1909, 39, 7),
(1910, 39, 4),
(1911, 39, 1),
(1912, 39, 13),
(1913, 39, 10),
(1914, 39, 2),
(1915, 39, 9),
(1916, 39, 8),
(1917, 39, 9),
(1918, 39, 1),
(1919, 39, 17),
(1920, 39, 10),
(1921, 39, 15),
(1922, 39, 10),
(1923, 39, 4),
(1924, 39, 12),
(1925, 39, 1),
(1926, 39, 2),
(1927, 39, 1),
(1928, 39, 10),
(1929, 39, 2),
(1930, 40, 1),
(1931, 40, 3),
(1932, 40, 8),
(1933, 40, 8),
(1934, 40, 13),
(1935, 40, 6),
(1936, 40, 7),
(1937, 40, 2),
(1938, 40, 16),
(1939, 40, 4),
(1940, 40, 11),
(1941, 40, 2),
(1942, 40, 5),
(1943, 40, 9),
(1944, 40, 11),
(1945, 40, 6),
(1946, 40, 6),
(1947, 40, 3),
(1948, 40, 13),
(1949, 40, 5),
(1950, 40, 6),
(1951, 40, 11),
(1952, 40, 3),
(1953, 40, 2),
(1954, 40, 4),
(1955, 40, 4),
(1956, 40, 7),
(1957, 40, 1),
(1958, 40, 1),
(1959, 40, 4),
(1960, 40, 4),
(1961, 40, 6),
(1962, 40, 1),
(1963, 40, 16),
(1964, 40, 2),
(1965, 40, 15),
(1966, 40, 1),
(1967, 40, 4),
(1968, 40, 7),
(1969, 40, 1),
(1970, 40, 8),
(1971, 40, 4),
(1972, 40, 1),
(1973, 40, 5),
(1974, 40, 4),
(1975, 40, 6),
(1976, 40, 8),
(1977, 40, 5),
(1978, 40, 13),
(1979, 40, 10),
(1980, 40, 4),
(1981, 40, 6),
(1982, 40, 2),
(1983, 40, 3),
(1984, 40, 2),
(1985, 40, 4),
(1986, 40, 5),
(1987, 40, 4),
(1988, 40, 5),
(1989, 40, 2),
(1990, 40, 14),
(1991, 40, 2),
(1992, 40, 15),
(1993, 40, 3),
(1994, 40, 7),
(1995, 40, 2),
(1996, 40, 3),
(1997, 40, 10),
(1998, 40, 9),
(1999, 40, 1),
(2000, 40, 8),
(2001, 40, 2),
(2002, 40, 18),
(2003, 40, 7),
(2004, 40, 5),
(2005, 40, 15),
(2006, 40, 4),
(2007, 40, 5),
(2008, 40, 1),
(2009, 40, 5),
(2010, 40, 10),
(2011, 40, 13),
(2012, 40, 7),
(2013, 40, 11),
(2014, 40, 8),
(2015, 40, 7),
(2016, 40, 1),
(2017, 40, 5),
(2018, 41, 3),
(2019, 41, 13),
(2020, 41, 12),
(2021, 41, 9),
(2022, 41, 14),
(2023, 41, 2),
(2024, 41, 11),
(2025, 41, 9),
(2026, 41, 5),
(2027, 41, 4),
(2028, 41, 3),
(2029, 41, 9),
(2030, 41, 5),
(2031, 41, 3),
(2032, 41, 2),
(2033, 41, 3),
(2034, 41, 7),
(2035, 41, 7),
(2036, 41, 14),
(2037, 41, 15),
(2038, 41, 5),
(2039, 41, 5),
(2040, 41, 3),
(2041, 41, 9),
(2042, 41, 10),
(2043, 41, 5),
(2044, 41, 5),
(2045, 41, 10),
(2046, 41, 11),
(2047, 41, 7),
(2048, 41, 1),
(2049, 41, 13),
(2050, 41, 1),
(2051, 41, 13),
(2052, 41, 18),
(2053, 41, 8),
(2054, 41, 16),
(2055, 41, 6),
(2056, 41, 7),
(2057, 41, 8),
(2058, 41, 6),
(2059, 41, 2),
(2060, 41, 13),
(2061, 41, 9),
(2062, 41, 1),
(2063, 41, 2),
(2064, 41, 9),
(2065, 41, 4),
(2066, 41, 2),
(2067, 41, 3),
(2068, 41, 9),
(2069, 41, 7),
(2070, 41, 2),
(2071, 41, 17),
(2072, 41, 7),
(2073, 41, 4),
(2074, 41, 4),
(2075, 41, 1),
(2076, 41, 1),
(2077, 41, 3),
(2078, 41, 6),
(2079, 41, 3),
(2080, 41, 4),
(2081, 41, 18),
(2082, 41, 15),
(2083, 41, 5),
(2084, 41, 1),
(2085, 41, 9),
(2086, 41, 2),
(2087, 41, 13),
(2088, 41, 10),
(2089, 41, 8),
(2090, 41, 2),
(2091, 41, 4),
(2092, 41, 10),
(2093, 41, 2),
(2094, 41, 4),
(2095, 41, 12),
(2096, 41, 5),
(2097, 41, 2),
(2098, 41, 2),
(2099, 41, 5),
(2100, 41, 6),
(2101, 41, 2),
(2102, 41, 1),
(2103, 41, 7),
(2104, 41, 11),
(2105, 41, 3),
(2106, 41, 10),
(2107, 41, 12),
(2108, 41, 11),
(2109, 41, 11),
(2110, 41, 1),
(2111, 41, 1),
(2112, 41, 8),
(2113, 41, 2),
(2114, 41, 13),
(2115, 41, 5),
(2116, 41, 10),
(2117, 41, 12),
(2118, 42, 5),
(2119, 42, 3),
(2120, 42, 3),
(2121, 42, 4),
(2122, 42, 3),
(2123, 42, 1),
(2124, 42, 2),
(2125, 42, 16),
(2126, 42, 5),
(2127, 42, 1),
(2128, 42, 9),
(2129, 42, 3),
(2130, 42, 15),
(2131, 42, 4),
(2132, 42, 11),
(2133, 42, 1),
(2134, 42, 12),
(2135, 42, 5),
(2136, 42, 10),
(2137, 42, 16),
(2138, 42, 17),
(2139, 42, 8),
(2140, 42, 5),
(2141, 42, 13),
(2142, 42, 8),
(2143, 42, 3),
(2144, 42, 1),
(2145, 42, 3),
(2146, 42, 3),
(2147, 42, 12),
(2148, 42, 4),
(2149, 42, 8),
(2150, 42, 14),
(2151, 42, 6),
(2152, 42, 8),
(2153, 42, 9),
(2154, 42, 11),
(2155, 42, 6),
(2156, 42, 6),
(2157, 42, 7),
(2158, 42, 1),
(2159, 42, 3),
(2160, 42, 4),
(2161, 42, 2),
(2162, 42, 3),
(2163, 42, 9),
(2164, 42, 12),
(2165, 42, 10),
(2166, 42, 11),
(2167, 42, 2),
(2168, 42, 5),
(2169, 42, 7),
(2170, 42, 6),
(2171, 42, 3),
(2172, 42, 6),
(2173, 42, 6),
(2174, 42, 7),
(2175, 42, 2),
(2176, 42, 13),
(2177, 42, 4),
(2178, 42, 2),
(2179, 42, 2),
(2180, 42, 10),
(2181, 42, 7),
(2182, 42, 3),
(2183, 42, 5),
(2184, 42, 7),
(2185, 42, 3),
(2186, 42, 5),
(2187, 42, 1),
(2188, 42, 13),
(2189, 42, 4),
(2190, 42, 3),
(2191, 42, 6),
(2192, 42, 18),
(2193, 42, 8),
(2194, 42, 17),
(2195, 42, 16),
(2196, 42, 14),
(2197, 43, 2),
(2198, 43, 10),
(2199, 43, 11),
(2200, 43, 8),
(2201, 43, 16),
(2202, 43, 10),
(2203, 43, 2),
(2204, 43, 6),
(2205, 43, 2),
(2206, 43, 6),
(2207, 43, 15),
(2208, 43, 1),
(2209, 43, 10),
(2210, 43, 8),
(2211, 43, 12),
(2212, 43, 7),
(2213, 43, 9),
(2214, 43, 3),
(2215, 43, 4),
(2216, 43, 4),
(2217, 43, 1),
(2218, 43, 2),
(2219, 43, 10),
(2220, 43, 2),
(2221, 43, 2),
(2222, 43, 6),
(2223, 43, 2),
(2224, 43, 4),
(2225, 43, 6),
(2226, 43, 6),
(2227, 43, 2),
(2228, 43, 9),
(2229, 43, 5),
(2230, 43, 6),
(2231, 43, 2),
(2232, 43, 15),
(2233, 43, 14),
(2234, 43, 2),
(2235, 43, 6),
(2236, 43, 14),
(2237, 43, 9),
(2238, 43, 9),
(2239, 43, 1),
(2240, 43, 1),
(2241, 43, 1),
(2242, 43, 1),
(2243, 43, 12),
(2244, 43, 16),
(2245, 43, 8),
(2246, 43, 3),
(2247, 43, 2),
(2248, 43, 9),
(2249, 43, 14),
(2250, 43, 1),
(2251, 43, 11),
(2252, 43, 1),
(2253, 43, 8),
(2254, 43, 1),
(2255, 43, 6),
(2256, 43, 1),
(2257, 43, 10),
(2258, 43, 3),
(2259, 43, 1),
(2260, 43, 1),
(2261, 43, 10),
(2262, 43, 7),
(2263, 43, 12),
(2264, 43, 1),
(2265, 43, 4),
(2266, 43, 1),
(2267, 43, 10),
(2268, 43, 1),
(2269, 43, 1),
(2270, 43, 2),
(2271, 43, 6),
(2272, 43, 12),
(2273, 43, 14),
(2274, 43, 8),
(2275, 43, 3),
(2276, 43, 4),
(2277, 43, 2),
(2278, 43, 2),
(2279, 43, 9),
(2280, 43, 5),
(2281, 43, 3),
(2282, 43, 12),
(2283, 43, 10),
(2284, 43, 3),
(2285, 43, 9),
(2286, 43, 13),
(2287, 44, 10),
(2288, 44, 15),
(2289, 44, 5),
(2290, 44, 5),
(2291, 44, 4),
(2292, 44, 11),
(2293, 44, 2),
(2294, 44, 7),
(2295, 44, 2),
(2296, 44, 11),
(2297, 44, 11),
(2298, 44, 3),
(2299, 44, 9),
(2300, 44, 4),
(2301, 44, 5),
(2302, 44, 7),
(2303, 44, 2),
(2304, 44, 7),
(2305, 44, 9),
(2306, 44, 4),
(2307, 44, 7),
(2308, 44, 14),
(2309, 44, 9),
(2310, 44, 13),
(2311, 44, 7),
(2312, 44, 14),
(2313, 44, 2),
(2314, 44, 4),
(2315, 44, 1),
(2316, 44, 12),
(2317, 44, 8),
(2318, 44, 2),
(2319, 44, 2),
(2320, 44, 2),
(2321, 44, 3),
(2322, 44, 2),
(2323, 44, 15),
(2324, 44, 6),
(2325, 44, 8),
(2326, 44, 11),
(2327, 44, 6),
(2328, 44, 8),
(2329, 44, 8),
(2330, 44, 4),
(2331, 44, 9),
(2332, 44, 2),
(2333, 44, 2),
(2334, 44, 8),
(2335, 44, 3),
(2336, 44, 8),
(2337, 44, 1),
(2338, 44, 6),
(2339, 44, 7),
(2340, 44, 4),
(2341, 44, 10),
(2342, 44, 3),
(2343, 44, 9),
(2344, 44, 7),
(2345, 44, 15),
(2346, 44, 5),
(2347, 44, 10),
(2348, 44, 12),
(2349, 44, 1),
(2350, 44, 1),
(2351, 44, 6),
(2352, 44, 6),
(2353, 44, 10),
(2354, 44, 5),
(2355, 44, 4),
(2356, 44, 14),
(2357, 44, 2),
(2358, 44, 17),
(2359, 44, 7),
(2360, 44, 12),
(2361, 44, 6),
(2362, 44, 4),
(2363, 44, 1),
(2364, 44, 9),
(2365, 44, 15),
(2366, 44, 8),
(2367, 44, 1),
(2368, 44, 1),
(2369, 44, 6),
(2370, 44, 5),
(2371, 44, 11),
(2372, 44, 2),
(2373, 44, 1),
(2374, 44, 8),
(2375, 44, 7),
(2376, 44, 1),
(2377, 44, 3),
(2378, 44, 11),
(2379, 44, 5),
(2380, 44, 14),
(2381, 44, 5),
(2382, 44, 4),
(2383, 44, 14),
(2384, 45, 3),
(2385, 45, 8),
(2386, 45, 3),
(2387, 45, 4),
(2388, 45, 2),
(2389, 45, 1),
(2390, 45, 2),
(2391, 45, 10),
(2392, 45, 13),
(2393, 45, 7),
(2394, 45, 11),
(2395, 45, 2),
(2396, 45, 2),
(2397, 45, 5),
(2398, 45, 6),
(2399, 45, 2),
(2400, 45, 2),
(2401, 45, 4),
(2402, 45, 1),
(2403, 45, 12),
(2404, 45, 1),
(2405, 45, 6),
(2406, 45, 1),
(2407, 45, 11),
(2408, 45, 12),
(2409, 45, 11),
(2410, 45, 4),
(2411, 45, 11),
(2412, 45, 3),
(2413, 45, 9),
(2414, 45, 11),
(2415, 45, 4),
(2416, 45, 2),
(2417, 45, 8),
(2418, 45, 2),
(2419, 45, 8),
(2420, 45, 14),
(2421, 45, 13),
(2422, 45, 10),
(2423, 45, 4),
(2424, 45, 9),
(2425, 45, 1),
(2426, 45, 6),
(2427, 45, 15),
(2428, 45, 7),
(2429, 45, 1),
(2430, 45, 3),
(2431, 45, 6),
(2432, 45, 3),
(2433, 45, 4),
(2434, 45, 1),
(2435, 45, 9),
(2436, 45, 8),
(2437, 45, 4),
(2438, 45, 2),
(2439, 45, 4),
(2440, 45, 13),
(2441, 45, 5),
(2442, 45, 14),
(2443, 45, 5),
(2444, 45, 8),
(2445, 45, 4),
(2446, 45, 5),
(2447, 45, 6),
(2448, 45, 8),
(2449, 45, 7),
(2450, 45, 10),
(2451, 45, 17),
(2452, 45, 14),
(2453, 45, 7),
(2454, 45, 14),
(2455, 45, 1),
(2456, 45, 1),
(2457, 45, 7),
(2458, 45, 2),
(2459, 45, 7),
(2460, 45, 2),
(2461, 45, 13),
(2462, 45, 9),
(2463, 45, 11),
(2464, 45, 17),
(2465, 45, 2),
(2466, 45, 1),
(2467, 45, 12),
(2468, 45, 2),
(2469, 45, 6),
(2470, 45, 5),
(2471, 45, 1),
(2472, 45, 14),
(2473, 45, 4),
(2474, 45, 1),
(2475, 45, 5),
(2476, 45, 8),
(2477, 45, 1),
(2478, 45, 3),
(2479, 45, 5),
(2480, 45, 6),
(2481, 45, 6),
(2482, 45, 12),
(2483, 45, 8),
(2484, 46, 5),
(2485, 46, 11),
(2486, 46, 11),
(2487, 46, 2),
(2488, 46, 2),
(2489, 46, 2),
(2490, 46, 4),
(2491, 46, 6),
(2492, 46, 4),
(2493, 46, 8),
(2494, 46, 5),
(2495, 46, 4),
(2496, 46, 5),
(2497, 46, 1),
(2498, 46, 13),
(2499, 46, 12),
(2500, 46, 6),
(2501, 46, 4),
(2502, 46, 5),
(2503, 46, 3),
(2504, 46, 4),
(2505, 46, 4),
(2506, 46, 16),
(2507, 46, 5),
(2508, 46, 5),
(2509, 46, 8),
(2510, 46, 10),
(2511, 46, 7),
(2512, 46, 6),
(2513, 46, 4),
(2514, 46, 4),
(2515, 46, 2),
(2516, 46, 6),
(2517, 46, 2),
(2518, 46, 7),
(2519, 46, 12),
(2520, 46, 1),
(2521, 46, 15),
(2522, 46, 6),
(2523, 46, 6),
(2524, 46, 11),
(2525, 46, 2),
(2526, 46, 3),
(2527, 46, 4),
(2528, 46, 9),
(2529, 46, 15),
(2530, 46, 5),
(2531, 46, 1),
(2532, 46, 5),
(2533, 46, 7),
(2534, 46, 3),
(2535, 46, 11),
(2536, 46, 3),
(2537, 46, 5),
(2538, 46, 17),
(2539, 46, 13),
(2540, 46, 5),
(2541, 46, 2),
(2542, 46, 1),
(2543, 46, 3),
(2544, 46, 5),
(2545, 46, 11),
(2546, 46, 2),
(2547, 46, 6),
(2548, 46, 1),
(2549, 46, 5),
(2550, 46, 2),
(2551, 46, 2),
(2552, 46, 4),
(2553, 46, 2),
(2554, 46, 1),
(2555, 46, 5),
(2556, 46, 10),
(2557, 46, 14),
(2558, 46, 9),
(2559, 46, 14),
(2560, 46, 8),
(2561, 46, 4),
(2562, 46, 3),
(2563, 46, 7),
(2564, 46, 4),
(2565, 46, 10),
(2566, 46, 6),
(2567, 46, 13),
(2568, 46, 8),
(2569, 46, 11),
(2570, 46, 6),
(2571, 46, 3),
(2572, 46, 1),
(2573, 46, 1),
(2574, 46, 7),
(2575, 46, 4),
(2576, 46, 1),
(2577, 46, 6),
(2578, 46, 13),
(2579, 46, 3),
(2580, 46, 1),
(2581, 46, 10),
(2582, 46, 6),
(2583, 46, 3),
(2584, 46, 1),
(2585, 46, 13),
(2586, 46, 6),
(2587, 46, 4),
(2588, 47, 14),
(2589, 47, 2),
(2590, 47, 4),
(2591, 47, 8),
(2592, 47, 9),
(2593, 47, 5),
(2594, 47, 9),
(2595, 47, 11),
(2596, 47, 8),
(2597, 47, 14),
(2598, 47, 8),
(2599, 47, 1),
(2600, 47, 11),
(2601, 47, 8),
(2602, 47, 12),
(2603, 47, 6),
(2604, 47, 10),
(2605, 47, 6),
(2606, 47, 1),
(2607, 47, 7),
(2608, 47, 11),
(2609, 47, 1),
(2610, 47, 6),
(2611, 47, 2),
(2612, 47, 9),
(2613, 47, 4),
(2614, 47, 14),
(2615, 47, 12),
(2616, 47, 2),
(2617, 47, 7),
(2618, 47, 16),
(2619, 47, 5),
(2620, 47, 2),
(2621, 47, 4),
(2622, 47, 8),
(2623, 47, 6),
(2624, 47, 6),
(2625, 47, 16),
(2626, 47, 7),
(2627, 47, 7),
(2628, 47, 5),
(2629, 47, 10),
(2630, 47, 9),
(2631, 47, 3),
(2632, 47, 1),
(2633, 47, 5),
(2634, 47, 2),
(2635, 47, 8),
(2636, 47, 13),
(2637, 47, 6),
(2638, 47, 8),
(2639, 47, 15),
(2640, 47, 5),
(2641, 47, 10),
(2642, 47, 1),
(2643, 47, 14),
(2644, 47, 6),
(2645, 47, 3),
(2646, 47, 9),
(2647, 47, 3),
(2648, 47, 11),
(2649, 47, 13),
(2650, 47, 8),
(2651, 47, 6),
(2652, 47, 16),
(2653, 47, 5),
(2654, 47, 1),
(2655, 47, 2),
(2656, 47, 9),
(2657, 47, 9),
(2658, 47, 8),
(2659, 47, 4),
(2660, 47, 2),
(2661, 48, 5),
(2662, 48, 7),
(2663, 48, 8),
(2664, 48, 3),
(2665, 48, 8),
(2666, 48, 10),
(2667, 48, 14),
(2668, 48, 4),
(2669, 48, 1),
(2670, 48, 3),
(2671, 48, 15),
(2672, 48, 13),
(2673, 48, 5),
(2674, 48, 10),
(2675, 48, 10),
(2676, 48, 10),
(2677, 48, 5),
(2678, 48, 14),
(2679, 48, 9),
(2680, 48, 3),
(2681, 48, 12),
(2682, 48, 8),
(2683, 48, 2),
(2684, 48, 9),
(2685, 48, 6),
(2686, 48, 4),
(2687, 48, 4),
(2688, 48, 5),
(2689, 48, 6),
(2690, 48, 9),
(2691, 48, 15),
(2692, 48, 10),
(2693, 48, 3),
(2694, 48, 12),
(2695, 48, 2),
(2696, 48, 1),
(2697, 48, 1),
(2698, 48, 8),
(2699, 48, 5),
(2700, 48, 8),
(2701, 48, 7),
(2702, 48, 5),
(2703, 48, 1),
(2704, 48, 2),
(2705, 48, 6),
(2706, 48, 10),
(2707, 48, 6),
(2708, 48, 4),
(2709, 48, 7),
(2710, 48, 10),
(2711, 48, 1),
(2712, 48, 2),
(2713, 48, 4),
(2714, 48, 2),
(2715, 48, 8),
(2716, 48, 8),
(2717, 48, 1),
(2718, 48, 4),
(2719, 48, 3),
(2720, 48, 5),
(2721, 48, 1),
(2722, 48, 7),
(2723, 48, 11),
(2724, 48, 2),
(2725, 48, 5),
(2726, 48, 1),
(2727, 48, 11),
(2728, 48, 4),
(2729, 48, 2),
(2730, 48, 3),
(2731, 48, 1),
(2732, 48, 3),
(2733, 48, 2),
(2734, 48, 2),
(2735, 48, 5),
(2736, 48, 8),
(2737, 48, 5),
(2738, 48, 18),
(2739, 48, 7),
(2740, 48, 2),
(2741, 48, 2),
(2742, 48, 4),
(2743, 48, 6),
(2744, 48, 11),
(2745, 48, 5),
(2746, 48, 17),
(2747, 48, 3),
(2748, 48, 6),
(2749, 48, 8),
(2750, 48, 10),
(2751, 48, 1),
(2752, 48, 9),
(2753, 48, 3),
(2754, 48, 7),
(2755, 48, 3),
(2756, 48, 10),
(2757, 48, 6),
(2758, 48, 2),
(2759, 48, 6),
(2760, 49, 3),
(2761, 49, 13),
(2762, 49, 5),
(2763, 49, 8),
(2764, 49, 1),
(2765, 49, 14),
(2766, 49, 12),
(2767, 49, 1),
(2768, 49, 11),
(2769, 49, 2),
(2770, 49, 16),
(2771, 49, 5),
(2772, 49, 6),
(2773, 49, 4),
(2774, 49, 6),
(2775, 49, 5),
(2776, 49, 3),
(2777, 49, 9),
(2778, 49, 5),
(2779, 49, 12),
(2780, 49, 1),
(2781, 49, 5),
(2782, 49, 3),
(2783, 49, 5),
(2784, 49, 11),
(2785, 49, 4),
(2786, 49, 4),
(2787, 49, 8),
(2788, 49, 1),
(2789, 49, 2),
(2790, 49, 3),
(2791, 49, 9),
(2792, 49, 13),
(2793, 49, 3),
(2794, 49, 5),
(2795, 49, 6),
(2796, 49, 2),
(2797, 49, 4),
(2798, 49, 6),
(2799, 49, 8),
(2800, 49, 5),
(2801, 49, 1),
(2802, 49, 5),
(2803, 49, 5),
(2804, 49, 1),
(2805, 49, 16),
(2806, 49, 2),
(2807, 49, 6),
(2808, 49, 1),
(2809, 49, 12),
(2810, 49, 4),
(2811, 49, 11),
(2812, 49, 2),
(2813, 49, 2),
(2814, 49, 1),
(2815, 49, 6),
(2816, 49, 11),
(2817, 49, 3),
(2818, 49, 3),
(2819, 49, 15),
(2820, 49, 2),
(2821, 49, 2),
(2822, 49, 4),
(2823, 49, 8),
(2824, 49, 4),
(2825, 49, 4),
(2826, 49, 4),
(2827, 49, 6),
(2828, 49, 1),
(2829, 49, 3),
(2830, 49, 17),
(2831, 49, 11),
(2832, 49, 1),
(2833, 49, 13),
(2834, 49, 5),
(2835, 49, 8),
(2836, 49, 8),
(2837, 49, 6),
(2838, 49, 10),
(2839, 49, 5),
(2840, 49, 5),
(2841, 49, 4),
(2842, 49, 1),
(2843, 49, 14),
(2844, 49, 10),
(2845, 49, 6),
(2846, 49, 4),
(2847, 49, 4),
(2848, 49, 12),
(2849, 49, 3),
(2850, 49, 2),
(2851, 49, 4),
(2852, 49, 14),
(2853, 49, 3),
(2854, 49, 13),
(2855, 49, 2),
(2856, 49, 5),
(2857, 49, 3),
(2858, 50, 9),
(2859, 50, 11),
(2860, 50, 7),
(2861, 50, 4),
(2862, 50, 1),
(2863, 50, 2),
(2864, 50, 3),
(2865, 50, 1),
(2866, 50, 5),
(2867, 50, 16),
(2868, 50, 10),
(2869, 50, 8),
(2870, 50, 1),
(2871, 50, 2),
(2872, 50, 3),
(2873, 50, 8),
(2874, 50, 1),
(2875, 50, 5),
(2876, 50, 7),
(2877, 50, 8),
(2878, 50, 11),
(2879, 50, 5),
(2880, 50, 1),
(2881, 50, 4),
(2882, 50, 2),
(2883, 50, 4),
(2884, 50, 5),
(2885, 50, 3),
(2886, 50, 6),
(2887, 50, 1),
(2888, 50, 3),
(2889, 50, 7),
(2890, 50, 6),
(2891, 50, 4),
(2892, 50, 9),
(2893, 50, 9),
(2894, 50, 3),
(2895, 50, 1),
(2896, 50, 6),
(2897, 50, 7),
(2898, 50, 3),
(2899, 50, 1),
(2900, 50, 11),
(2901, 50, 2),
(2902, 50, 4),
(2903, 50, 3),
(2904, 50, 1),
(2905, 50, 3),
(2906, 50, 7),
(2907, 50, 2),
(2908, 50, 2),
(2909, 50, 9),
(2910, 50, 2),
(2911, 50, 1),
(2912, 50, 2),
(2913, 50, 3),
(2914, 50, 1),
(2915, 50, 8),
(2916, 50, 12),
(2917, 50, 10),
(2918, 50, 1),
(2919, 50, 8),
(2920, 50, 14),
(2921, 50, 7),
(2922, 50, 2),
(2923, 50, 6),
(2924, 50, 4),
(2925, 50, 9),
(2926, 50, 4),
(2927, 50, 13),
(2928, 50, 6),
(2929, 50, 5),
(2930, 50, 1),
(2931, 51, 2),
(2932, 51, 2),
(2933, 51, 4),
(2934, 51, 7),
(2935, 51, 5),
(2936, 52, 4),
(2937, 52, 8),
(2938, 53, 3),
(2939, 54, 5),
(2940, 54, 5),
(2941, 55, 2),
(2942, 55, 1),
(2943, 55, 2),
(2944, 55, 7),
(2945, 55, 7),
(2946, 55, 1),
(2947, 55, 8),
(2948, 55, 2),
(2949, 55, 1),
(2950, 55, 8),
(2951, 55, 15),
(2952, 55, 12),
(2953, 55, 7),
(2954, 55, 8),
(2955, 55, 12),
(2956, 55, 13),
(2957, 56, 4),
(2958, 56, 8),
(2959, 56, 8),
(2960, 56, 11),
(2961, 56, 7),
(2962, 57, 3),
(2963, 58, 2),
(2964, 58, 6),
(2965, 59, 3),
(2966, 59, 5),
(2967, 59, 11),
(2968, 59, 2),
(2969, 60, 5),
(2970, 60, 9),
(2971, 60, 11),
(2972, 61, 1),
(2973, 61, 4),
(2974, 61, 3),
(2975, 62, 6),
(2976, 64, 10),
(2977, 64, 3),
(2978, 64, 12),
(2979, 64, 9),
(2980, 65, 7),
(2981, 65, 1),
(2982, 66, 2),
(2983, 66, 6),
(2984, 66, 9),
(2985, 66, 6),
(2986, 66, 4),
(2987, 70, 8),
(2988, 70, 10),
(2989, 76, 2),
(2990, 76, 3),
(2991, 76, 6),
(2992, 77, 9),
(2993, 77, 4),
(2994, 85, 10),
(2995, 90, 6),
(2996, 97, 5);

-- --------------------------------------------------------

--
-- Table structure for table `orders`
--

CREATE TABLE `orders` (
  `orderNumber` int(11) NOT NULL,
  `orderDate` date NOT NULL,
  `status` varchar(15) NOT NULL
) ENGINE=InnoDB DEFAULT CHARSET=utf8mb4;

--
-- Dumping data for table `orders`
--

INSERT INTO `orders` (`orderNumber`, `orderDate`, `status`) VALUES
(1, '2003-01-06', 'Shipped'),
(2, '2003-01-09', 'Shipped'),
(3, '2003-01-10', 'Shipped'),
(4, '2003-01-29', 'Shipped'),
(5, '2003-01-31', 'Shipped'),
(6, '2003-02-11', 'Shipped'),
(7, '2003-02-17', 'Shipped'),
(8, '2003-02-24', 'Shipped'),
(9, '2003-03-03', 'Shipped'),
(10, '2003-03-10', 'Shipped'),
(11, '2003-03-18', 'Shipped'),
(12, '2003-03-24', 'Shipped'),
(13, '2003-03-25', 'Shipped'),
(14, '2003-03-26', 'Shipped'),
(15, '2003-04-01', 'Shipped'),
(16, '2003-04-04', 'Shipped'),
(17, '2003-04-11', 'Shipped'),
(18, '2003-04-16', 'Shipped'),
(19, '2003-04-21', 'Shipped'),
(20, '2003-04-28', 'Shipped'),
(21, '2003-04-29', 'Shipped'),
(22, '2003-05-07', 'Shipped'),
(23, '2003-05-08', 'Shipped'),
(24, '2003-05-20', 'Shipped'),
(25, '2003-05-21', 'Shipped'),
(26, '2003-05-21', 'Shipped'),
(27, '2003-05-28', 'Shipped'),
(28, '2003-06-03', 'Shipped'),
(29, '2003-06-06', 'Shipped'),
(30, '2003-06-12', 'Shipped'),
(31, '2003-06-16', 'Shipped'),
(32, '2003-06-16', 'Shipped'),
(33, '2003-06-25', 'Shipped'),
(34, '2003-06-27', 'Shipped'),
(35, '2003-07-01', 'Shipped'),
(36, '2003-07-02', 'Shipped'),
(37, '2003-07-04', 'Shipped'),
(38, '2003-07-07', 'Shipped'),
(39, '2003-07-10', 'Shipped'),
(40, '2003-07-16', 'Shipped'),
(41, '2003-07-24', 'Shipped'),
(42, '2003-08-01', 'Shipped'),
(43, '2003-08-08', 'Shipped'),
(44, '2003-08-10', 'Shipped'),
(45, '2003-08-13', 'Shipped'),
(46, '2003-08-25', 'Shipped'),
(47, '2003-09-03', 'Shipped'),
(48, '2003-09-05', 'Shipped'),
(49, '2003-09-11', 'Shipped'),
(50, '2003-09-12', 'Shipped'),
(51, '2003-09-19', 'Shipped'),
(52, '2003-09-21', 'Shipped'),
(53, '2003-09-25', 'Shipped'),
(54, '2003-09-28', 'Shipped'),
(55, '2003-10-02', 'Shipped'),
(56, '2003-10-04', 'Shipped'),
(57, '2003-10-05', 'Shipped'),
(58, '2003-10-06', 'Shipped'),
(59, '2003-10-06', 'Shipped'),
(60, '2003-10-08', 'Shipped'),
(61, '2003-10-09', 'Shipped'),
(62, '2003-10-10', 'Shipped'),
(63, '2003-10-10', 'Shipped'),
(64, '2003-10-11', 'Shipped'),
(65, '2003-10-17', 'Shipped'),
(66, '2003-10-18', 'Shipped'),
(67, '2003-10-20', 'Shipped'),
(68, '2003-10-21', 'Shipped'),
(69, '2003-10-21', 'Resolved'),
(70, '2003-10-22', 'Shipped'),
(71, '2003-10-23', 'Cancelled'),
(72, '2003-10-28', 'Shipped'),
(73, '2003-11-04', 'Shipped'),
(74, '2003-11-04', 'Shipped'),
(75, '2003-11-05', 'Shipped'),
(76, '2003-11-05', 'Shipped'),
(77, '2003-11-05', 'Shipped'),
(78, '2003-11-06', 'Shipped'),
(79, '2003-11-06', 'Shipped'),
(80, '2003-11-06', 'Shipped'),
(81, '2003-11-07', 'Shipped'),
(82, '2003-11-08', 'Shipped'),
(83, '2003-11-11', 'Shipped'),
(84, '2003-11-11', 'Cancelled'),
(85, '2003-11-12', 'Shipped'),
(86, '2003-11-12', 'Shipped'),
(87, '2003-11-13', 'Shipped'),
(88, '2003-11-14', 'Shipped'),
(89, '2003-11-14', 'Shipped'),
(90, '2003-11-14', 'Shipped'),
(91, '2003-11-15', 'Shipped'),
(92, '2003-11-18', 'Shipped'),
(93, '2003-11-18', 'Shipped'),
(94, '2003-11-19', 'Shipped'),
(95, '2003-11-20', 'Shipped'),
(96, '2003-11-20', 'Shipped'),
(97, '2003-11-21', 'Shipped'),
(98, '2003-11-25', 'Shipped'),
(99, '2003-11-25', 'Shipped'),
(100, '2003-11-26', 'Shipped'),
(101, '2003-11-26', 'Shipped'),
(102, '2003-11-27', 'Shipped'),
(103, '2003-12-01', 'Shipped'),
(104, '2003-12-01', 'Shipped'),
(105, '2003-12-01', 'Shipped'),
(106, '2003-12-02', 'Shipped'),
(107, '2003-12-02', 'Shipped'),
(108, '2003-12-02', 'Shipped'),
(109, '2003-12-03', 'Shipped'),
(110, '2003-12-05', 'Shipped'),
(111, '2003-12-09', 'Shipped'),
(112, '2004-01-02', 'Shipped'),
(113, '2004-01-09', 'Shipped'),
(114, '2004-01-12', 'Shipped'),
(115, '2004-01-15', 'Shipped'),
(116, '2004-01-16', 'Shipped'),
(117, '2004-01-22', 'Shipped'),
(118, '2004-01-26', 'Shipped'),
(119, '2004-01-29', 'Shipped'),
(120, '2004-02-02', 'Shipped'),
(121, '2004-02-04', 'Shipped'),
(122, '2004-02-09', 'Shipped'),
(123, '2004-02-10', 'Shipped'),
(124, '2004-02-12', 'Shipped'),
(125, '2004-02-18', 'Shipped'),
(126, '2004-02-19', 'Shipped'),
(127, '2004-02-20', 'Shipped'),
(128, '2004-02-21', 'Shipped'),
(129, '2004-02-22', 'Shipped'),
(130, '2004-02-26', 'Shipped'),
(131, '2004-03-02', 'Shipped'),
(132, '2004-03-10', 'Shipped'),
(133, '2004-03-11', 'Shipped'),
(134, '2004-03-15', 'Shipped'),
(135, '2004-03-19', 'Shipped'),
(136, '2004-03-20', 'Shipped'),
(137, '2004-03-29', 'Shipped'),
(138, '2004-03-30', 'Shipped'),
(139, '2004-04-02', 'Shipped'),
(140, '2004-04-03', 'Shipped'),
(141, '2004-04-05', 'Shipped'),
(142, '2004-04-09', 'Shipped'),
(143, '2004-04-12', 'Shipped'),
(144, '2004-04-13', 'Shipped'),
(145, '2004-04-13', 'Shipped'),
(146, '2004-04-20', 'Shipped'),
(147, '2004-04-26', 'Shipped'),
(148, '2004-04-29', 'Shipped'),
(149, '2004-05-04', 'Shipped'),
(150, '2004-05-05', 'Shipped'),
(151, '2004-05-05', 'Shipped'),
(152, '2004-05-07', 'Cancelled'),
(153, '2004-05-08', 'Shipped'),
(154, '2004-05-11', 'Shipped'),
(155, '2004-05-18', 'Shipped'),
(156, '2004-05-26', 'Shipped'),
(157, '2004-06-01', 'Cancelled'),
(158, '2004-06-03', 'Shipped'),
(159, '2004-06-04', 'Shipped'),
(160, '2004-06-08', 'Shipped'),
(161, '2004-06-14', 'Shipped'),
(162, '2004-06-15', 'Shipped'),
(163, '2004-06-15', 'Shipped'),
(164, '2004-06-16', 'Cancelled'),
(165, '2004-06-17', 'Shipped'),
(166, '2004-06-24', 'Cancelled'),
(167, '2004-06-28', 'Shipped'),
(168, '2004-06-30', 'Shipped'),
(169, '2004-07-02', 'Shipped'),
(170, '2004-07-06', 'Shipped'),
(171, '2004-07-07', 'Shipped'),
(172, '2004-07-12', 'Shipped'),
(173, '2004-07-16', 'Shipped'),
(174, '2004-07-19', 'Shipped'),
(175, '2004-07-20', 'Shipped'),
(176, '2004-07-20', 'Shipped'),
(177, '2004-07-21', 'Shipped'),
(178, '2004-07-21', 'Shipped'),
(179, '2004-07-23', 'Shipped'),
(180, '2004-08-02', 'Shipped'),
(181, '2004-08-04', 'Shipped'),
(182, '2004-08-06', 'Shipped'),
(183, '2004-08-09', 'Shipped'),
(184, '2004-08-17', 'Shipped'),
(185, '2004-08-19', 'Shipped'),
(186, '2004-08-20', 'Shipped'),
(187, '2004-08-20', 'Shipped'),
(188, '2004-08-21', 'Shipped'),
(189, '2004-08-27', 'Shipped'),
(190, '2004-08-28', 'Shipped'),
(191, '2004-08-30', 'Shipped'),
(192, '2004-09-01', 'Shipped'),
(193, '2004-09-03', 'Shipped'),
(194, '2004-09-07', 'Shipped'),
(195, '2004-09-08', 'Shipped'),
(196, '2004-09-08', 'Shipped'),
(197, '2004-09-09', 'Shipped'),
(198, '2004-09-10', 'Shipped'),
(199, '2004-09-10', 'Shipped'),
(200, '2004-09-15', 'Shipped'),
(201, '2004-09-16', 'Shipped'),
(202, '2004-09-27', 'Shipped'),
(203, '2004-09-30', 'Shipped'),
(204, '2004-10-06', 'Shipped'),
(205, '2004-10-11', 'Shipped'),
(206, '2004-10-13', 'Shipped'),
(207, '2004-10-14', 'Shipped'),
(208, '2004-10-14', 'Shipped'),
(209, '2004-10-15', 'Shipped'),
(210, '2004-10-15', 'Shipped'),
(211, '2004-10-16', 'Shipped'),
(212, '2004-10-16', 'Shipped'),
(213, '2004-10-21', 'Shipped'),
(214, '2004-10-22', 'Shipped'),
(215, '2004-10-22', 'Shipped'),
(216, '2004-10-29', 'Shipped'),
(217, '2004-11-01', 'Shipped'),
(218, '2004-11-01', 'Shipped'),
(219, '2004-11-02', 'Shipped'),
(220, '2004-11-02', 'Shipped'),
(221, '2004-11-03', 'Shipped'),
(222, '2004-11-03', 'Shipped'),
(223, '2004-11-04', 'Shipped'),
(224, '2004-11-04', 'Shipped'),
(225, '2004-11-05', 'Shipped'),
(226, '2004-11-05', 'Shipped'),
(227, '2004-11-05', 'Shipped'),
(228, '2004-11-09', 'Shipped'),
(229, '2004-11-10', 'Resolved'),
(230, '2004-11-12', 'Shipped'),
(231, '2004-11-15', 'Shipped'),
(232, '2004-11-16', 'Shipped'),
(233, '2004-11-17', 'Shipped'),
(234, '2004-11-17', 'Shipped'),
(235, '2004-11-18', 'Shipped'),
(236, '2004-11-19', 'On Hold'),
(237, '2004-11-19', 'Shipped'),
(238, '2004-11-20', 'Shipped'),
(239, '2004-11-21', 'Shipped'),
(240, '2004-11-22', 'Shipped'),
(241, '2004-11-23', 'Shipped'),
(242, '2004-11-24', 'Shipped'),
(243, '2004-11-24', 'Shipped'),
(244, '2004-11-24', 'Shipped'),
(245, '2004-11-24', 'Shipped'),
(246, '2004-11-25', 'Shipped'),
(247, '2004-11-25', 'Shipped'),
(248, '2004-11-29', 'Shipped'),
(249, '2004-11-29', 'Shipped'),
(250, '2004-12-01', 'Shipped'),
(251, '2004-12-02', 'Shipped'),
(252, '2004-12-03', 'Shipped'),
(253, '2004-12-03', 'Shipped'),
(254, '2004-12-04', 'Shipped'),
(255, '2004-12-04', 'Shipped'),
(256, '2004-12-07', 'Shipped'),
(257, '2004-12-09', 'Shipped'),
(258, '2004-12-10', 'Shipped'),
(259, '2004-12-10', 'Shipped'),
(260, '2004-12-15', 'Shipped'),
(261, '2004-12-16', 'Shipped'),
(262, '2004-12-17', 'Shipped'),
(263, '2005-01-05', 'Shipped'),
(264, '2005-01-06', 'Shipped'),
(265, '2005-01-06', 'Shipped'),
(266, '2005-01-07', 'Shipped'),
(267, '2005-01-10', 'Shipped'),
(268, '2005-01-12', 'Resolved'),
(269, '2005-01-19', 'Shipped'),
(270, '2005-01-20', 'Shipped'),
(271, '2005-01-20', 'Shipped'),
(272, '2005-01-23', 'Shipped'),
(273, '2005-01-26', 'Shipped'),
(274, '2005-01-31', 'Shipped'),
(275, '2005-02-02', 'Shipped'),
(276, '2005-02-03', 'Shipped'),
(277, '2005-02-08', 'Shipped'),
(278, '2005-02-09', 'Shipped'),
(279, '2005-02-10', 'Shipped'),
(280, '2005-02-10', 'Shipped'),
(281, '2005-02-16', 'Shipped'),
(282, '2005-02-17', 'Shipped'),
(283, '2005-02-17', 'Shipped'),
(284, '2005-02-22', 'Shipped'),
(285, '2005-02-23', 'Shipped'),
(286, '2005-02-28', 'Shipped'),
(287, '2005-03-01', 'Resolved'),
(288, '2005-03-02', 'Shipped'),
(289, '2005-03-03', 'Shipped'),
(290, '2005-03-03', 'Shipped'),
(291, '2005-03-04', 'Shipped'),
(292, '2005-03-09', 'Shipped'),
(293, '2005-03-10', 'Shipped'),
(294, '2005-03-11', 'Shipped'),
(295, '2005-03-15', 'Shipped'),
(296, '2005-03-17', 'Shipped'),
(297, '2005-03-23', 'Shipped'),
(298, '2005-03-28', 'Shipped'),
(299, '2005-03-30', 'Shipped'),
(300, '2005-04-01', 'Shipped'),
(301, '2005-04-01', 'Shipped'),
(302, '2005-04-03', 'On Hold'),
(303, '2005-04-07', 'Shipped'),
(304, '2005-04-08', 'Shipped'),
(305, '2005-04-08', 'Shipped'),
(306, '2005-04-14', 'Shipped'),
(307, '2005-04-15', 'Disputed'),
(308, '2005-04-22', 'Shipped'),
(309, '2005-04-22', 'On Hold'),
(310, '2005-04-23', 'Shipped'),
(311, '2005-04-29', 'Shipped'),
(312, '2005-05-01', 'Shipped'),
(313, '2005-05-03', 'Shipped'),
(314, '2005-05-05', 'Shipped'),
(315, '2005-05-06', 'On Hold'),
(316, '2005-05-09', 'Disputed'),
(317, '2005-05-10', 'Shipped'),
(318, '2005-05-13', 'Disputed'),
(319, '2005-05-16', 'Shipped'),
(320, '2005-05-17', 'Shipped'),
(321, '2005-05-29', 'In Process'),
(322, '2005-05-29', 'In Process'),
(323, '2005-05-30', 'In Process'),
(324, '2005-05-30', 'In Process'),
(325, '2005-05-31', 'In Process'),
(326, '2005-05-31', 'In Process');

--
-- Indexes for dumped tables
--

--
-- Indexes for table `customers`
--
ALTER TABLE `customers`
  ADD PRIMARY KEY (`customerNumber`);

--
-- Indexes for table `fact`
--
ALTER TABLE `fact`
  ADD PRIMARY KEY (`id`);

--
-- Indexes for table `orderdetail`
--
ALTER TABLE `orderdetail`
  ADD PRIMARY KEY (`orderNumber`);

--
-- Indexes for table `orders`
--
ALTER TABLE `orders`
  ADD PRIMARY KEY (`orderNumber`);

--
-- AUTO_INCREMENT for dumped tables
--

--
-- AUTO_INCREMENT for table `customers`
--
ALTER TABLE `customers`
  MODIFY `customerNumber` int(11) NOT NULL AUTO_INCREMENT, AUTO_INCREMENT=497;

--
-- AUTO_INCREMENT for table `fact`
--
ALTER TABLE `fact`
  MODIFY `id` int(255) NOT NULL AUTO_INCREMENT, AUTO_INCREMENT=72;

--
-- AUTO_INCREMENT for table `orderdetail`
--
ALTER TABLE `orderdetail`
  MODIFY `orderNumber` int(11) NOT NULL AUTO_INCREMENT, AUTO_INCREMENT=2997;

--
-- AUTO_INCREMENT for table `orders`
--
ALTER TABLE `orders`
  MODIFY `orderNumber` int(11) NOT NULL AUTO_INCREMENT, AUTO_INCREMENT=327;
COMMIT;

/*!40101 SET CHARACTER_SET_CLIENT=@OLD_CHARACTER_SET_CLIENT */;
/*!40101 SET CHARACTER_SET_RESULTS=@OLD_CHARACTER_SET_RESULTS */;
/*!40101 SET COLLATION_CONNECTION=@OLD_COLLATION_CONNECTION */;
